n,dimension,dataset_seed,sampling_attempts,unseen_coordinate,unseen_coordinate_count,rho,radius_r,regime,flat_empirical_risk,flat_saer_exact,global_saer_lower_exact,flat_population_risk_exact,flat_population_risk_mc_8192,flat_population_mc_se,sharp_population_risk_exact,population_gap_exact,flat_is_saer_minimizer,flat_is_r_flat_when_r_le_rho
6,65,0,1,27,1,0.0,0.0,inside_flat_basin,0.0,0.0,0.0,0.25,0.25164794921875,0.002762244452656927,0.0,0.25,True,True
6,65,0,1,27,1,0.0,0.0,at_flat_radius,0.0,0.0,0.0,0.25,0.25164794921875,0.002762244452656927,0.0,0.25,True,True
6,65,0,1,27,1,0.0,0.2,outside_flat_basin,0.0,0.020000000000000004,0.020000000000000004,0.25,0.25164794921875,0.002762244452656927,0.0,0.25,True,False
6,65,0,1,27,1,0.1,0.05,inside_flat_basin,0.0,0.0,0.0,0.2025,0.20383483886718756,0.0022374180066521113,0.0,0.2025,True,True
6,65,0,1,27,1,0.1,0.1,at_flat_radius,0.0,0.0,0.0,0.2025,0.20383483886718756,0.0022374180066521113,0.0,0.2025,True,True
6,65,0,1,27,1,0.1,0.30000000000000004,outside_flat_basin,0.0,0.020000000000000007,0.020000000000000007,0.2025,0.20383483886718756,0.0022374180066521113,0.0,0.2025,True,False
6,65,0,1,27,1,0.25,0.125,inside_flat_basin,0.0,0.0,0.0,0.140625,0.14155197143554688,0.0015537625046195215,0.0,0.140625,True,True
6,65,0,1,27,1,0.25,0.25,at_flat_radius,0.0,0.0,0.0,0.140625,0.14155197143554688,0.0015537625046195215,0.0,0.140625,True,True
6,65,0,1,27,1,0.25,0.45,outside_flat_basin,0.0,0.020000000000000004,0.020000000000000004,0.140625,0.14155197143554688,0.0015537625046195215,0.0,0.140625,True,False
6,65,0,1,27,1,0.5,0.25,inside_flat_basin,0.0,0.0,0.0,0.0625,0.0629119873046875,0.0006905611131642318,0.0,0.0625,True,True
6,65,0,1,27,1,0.5,0.5,at_flat_radius,0.0,0.0,0.0,0.0625,0.0629119873046875,0.0006905611131642318,0.0,0.0625,True,True
6,65,0,1,27,1,0.5,0.7,outside_flat_basin,0.0,0.01999999999999999,0.01999999999999999,0.0625,0.0629119873046875,0.0006905611131642318,0.0,0.0625,True,False
6,65,1,2,24,4,0.0,0.0,inside_flat_basin,0.0,0.0,0.0,0.25,0.2503662109375,0.002762301503207435,0.0,0.25,True,True
6,65,1,2,24,4,0.0,0.0,at_flat_radius,0.0,0.0,0.0,0.25,0.2503662109375,0.002762301503207435,0.0,0.25,True,True
6,65,1,2,24,4,0.0,0.2,outside_flat_basin,0.0,0.020000000000000004,0.020000000000000004,0.25,0.2503662109375,0.002762301503207435,0.0,0.25,True,False
6,65,1,2,24,4,0.1,0.05,inside_flat_basin,0.0,0.0,0.0,0.2025,0.20279663085937505,0.0022374642175980223,0.0,0.2025,True,True
6,65,1,2,24,4,0.1,0.1,at_flat_radius,0.0,0.0,0.0,0.2025,0.20279663085937505,0.0022374642175980223,0.0,0.2025,True,True
6,65,1,2,24,4,0.1,0.30000000000000004,outside_flat_basin,0.0,0.020000000000000007,0.020000000000000007,0.2025,0.20279663085937505,0.0022374642175980223,0.0,0.2025,True,False
6,65,1,2,24,4,0.25,0.125,inside_flat_basin,0.0,0.0,0.0,0.140625,0.14083099365234375,0.0015537945955541822,0.0,0.140625,True,True
6,65,1,2,24,4,0.25,0.25,at_flat_radius,0.0,0.0,0.0,0.140625,0.14083099365234375,0.0015537945955541822,0.0,0.140625,True,True
6,65,1,2,24,4,0.25,0.45,outside_flat_basin,0.0,0.020000000000000004,0.020000000000000004,0.140625,0.14083099365234375,0.0015537945955541822,0.0,0.140625,True,False
6,65,1,2,24,4,0.5,0.25,inside_flat_basin,0.0,0.0,0.0,0.0625,0.062591552734375,0.0006905753758018587,0.0,0.0625,True,True
6,65,1,2,24,4,0.5,0.5,at_flat_radius,0.0,0.0,0.0,0.0625,0.062591552734375,0.0006905753758018587,0.0,0.0625,True,True
6,65,1,2,24,4,0.5,0.7,outside_flat_basin,0.0,0.01999999999999999,0.01999999999999999,0.0625,0.062591552734375,0.0006905753758018587,0.0,0.0625,True,False
6,65,2,3,8,2,0.0,0.0,inside_flat_basin,0.0,0.0,0.0,0.25,0.25018310546875,0.0027623037259323084,0.0,0.25,True,True
6,65,2,3,8,2,0.0,0.0,at_flat_radius,0.0,0.0,0.0,0.25,0.25018310546875,0.0027623037259323084,0.0,0.25,True,True
6,65,2,3,8,2,0.0,0.2,outside_flat_basin,0.0,0.020000000000000004,0.020000000000000004,0.25,0.25018310546875,0.0027623037259323084,0.0,0.25,True,False
6,65,2,3,8,2,0.1,0.05,inside_flat_basin,0.0,0.0,0.0,0.2025,0.20264831542968756,0.0022374660180051703,0.0,0.2025,True,True
6,65,2,3,8,2,0.1,0.1,at_flat_radius,0.0,0.0,0.0,0.2025,0.20264831542968756,0.0022374660180051703,0.0,0.2025,True,True
6,65,2,3,8,2,0.1,0.30000000000000004,outside_flat_basin,0.0,0.020000000000000007,0.020000000000000007,0.2025,0.20264831542968756,0.0022374660180051703,0.0,0.2025,True,False
6,65,2,3,8,2,0.25,0.125,inside_flat_basin,0.0,0.0,0.0,0.140625,0.14072799682617188,0.0015537958458369235,0.0,0.140625,True,True
6,65,2,3,8,2,0.25,0.25,at_flat_radius,0.0,0.0,0.0,0.140625,0.14072799682617188,0.0015537958458369235,0.0,0.140625,True,True
6,65,2,3,8,2,0.25,0.45,outside_flat_basin,0.0,0.020000000000000004,0.020000000000000004,0.140625,0.14072799682617188,0.0015537958458369235,0.0,0.140625,True,False
6,65,2,3,8,2,0.5,0.25,inside_flat_basin,0.0,0.0,0.0,0.0625,0.0625457763671875,0.0006905759314830771,0.0,0.0625,True,True
6,65,2,3,8,2,0.5,0.5,at_flat_radius,0.0,0.0,0.0,0.0625,0.0625457763671875,0.0006905759314830771,0.0,0.0625,True,True
6,65,2,3,8,2,0.5,0.7,outside_flat_basin,0.0,0.01999999999999999,0.01999999999999999,0.0625,0.0625457763671875,0.0006905759314830771,0.0,0.0625,True,False
6,65,3,3,34,2,0.0,0.0,inside_flat_basin,0.0,0.0,0.0,0.25,0.2469482421875,0.002762098651452061,0.0,0.25,True,True
6,65,3,3,34,2,0.0,0.0,at_flat_radius,0.0,0.0,0.0,0.25,0.2469482421875,0.002762098651452061,0.0,0.25,True,True
6,65,3,3,34,2,0.0,0.2,outside_flat_basin,0.0,0.020000000000000004,0.020000000000000004,0.25,0.2469482421875,0.002762098651452061,0.0,0.25,True,False
6,65,3,3,34,2,0.1,0.05,inside_flat_basin,0.0,0.0,0.0,0.2025,0.20002807617187507,0.00223729990767617,0.0,0.2025,True,True
6,65,3,3,34,2,0.1,0.1,at_flat_radius,0.0,0.0,0.0,0.2025,0.20002807617187507,0.00223729990767617,0.0,0.2025,True,True
6,65,3,3,34,2,0.1,0.30000000000000004,outside_flat_basin,0.0,0.020000000000000007,0.020000000000000007,0.2025,0.20002807617187507,0.00223729990767617,0.0,0.2025,True,False
6,65,3,3,34,2,0.25,0.125,inside_flat_basin,0.0,0.0,0.0,0.140625,0.13890838623046875,0.0015536804914417842,0.0,0.140625,True,True
6,65,3,3,34,2,0.25,0.25,at_flat_radius,0.0,0.0,0.0,0.140625,0.13890838623046875,0.0015536804914417842,0.0,0.140625,True,True
6,65,3,3,34,2,0.25,0.45,outside_flat_basin,0.0,0.020000000000000004,0.020000000000000004,0.140625,0.13890838623046875,0.0015536804914417842,0.0,0.140625,True,False
6,65,3,3,34,2,0.5,0.25,inside_flat_basin,0.0,0.0,0.0,0.0625,0.061737060546875,0.0006905246628630152,0.0,0.0625,True,True
6,65,3,3,34,2,0.5,0.5,at_flat_radius,0.0,0.0,0.0,0.0625,0.061737060546875,0.0006905246628630152,0.0,0.0625,True,True
6,65,3,3,34,2,0.5,0.7,outside_flat_basin,0.0,0.01999999999999999,0.01999999999999999,0.0625,0.061737060546875,0.0006905246628630152,0.0,0.0625,True,False
6,65,4,1,6,2,0.0,0.0,inside_flat_basin,0.0,0.0,0.0,0.25,0.24603271484375,0.002761956629892039,0.0,0.25,True,True
6,65,4,1,6,2,0.0,0.0,at_flat_radius,0.0,0.0,0.0,0.25,0.24603271484375,0.002761956629892039,0.0,0.25,True,True
6,65,4,1,6,2,0.0,0.2,outside_flat_basin,0.0,0.020000000000000004,0.020000000000000004,0.25,0.24603271484375,0.002761956629892039,0.0,0.25,True,False
6,65,4,1,6,2,0.1,0.05,inside_flat_basin,0.0,0.0,0.0,0.2025,0.1992864990234376,0.0022371848702125515,0.0,0.2025,True,True
6,65,4,1,6,2,0.1,0.1,at_flat_radius,0.0,0.0,0.0,0.2025,0.1992864990234376,0.0022371848702125515,0.0,0.2025,True,True
6,65,4,1,6,2,0.1,0.30000000000000004,outside_flat_basin,0.0,0.020000000000000007,0.020000000000000007,0.2025,0.1992864990234376,0.0022371848702125515,0.0,0.2025,True,False
6,65,4,1,6,2,0.25,0.125,inside_flat_basin,0.0,0.0,0.0,0.140625,0.13839340209960938,0.0015536006043142718,0.0,0.140625,True,True
6,65,4,1,6,2,0.25,0.25,at_flat_radius,0.0,0.0,0.0,0.140625,0.13839340209960938,0.0015536006043142718,0.0,0.140625,True,True
6,65,4,1,6,2,0.25,0.45,outside_flat_basin,0.0,0.020000000000000004,0.020000000000000004,0.140625,0.13839340209960938,0.0015536006043142718,0.0,0.140625,True,False
6,65,4,1,6,2,0.5,0.25,inside_flat_basin,0.0,0.0,0.0,0.0625,0.0615081787109375,0.0006904891574730098,0.0,0.0625,True,True
6,65,4,1,6,2,0.5,0.5,at_flat_radius,0.0,0.0,0.0,0.0625,0.0615081787109375,0.0006904891574730098,0.0,0.0625,True,True
6,65,4,1,6,2,0.5,0.7,outside_flat_basin,0.0,0.01999999999999999,0.01999999999999999,0.0625,0.0615081787109375,0.0006904891574730098,0.0,0.0625,True,False
6,65,5,1,4,1,0.0,0.0,inside_flat_basin,0.0,0.0,0.0,0.25,0.2528076171875,0.002762130265692572,0.0,0.25,True,True
6,65,5,1,4,1,0.0,0.0,at_flat_radius,0.0,0.0,0.0,0.25,0.2528076171875,0.002762130265692572,0.0,0.25,True,True
6,65,5,1,4,1,0.0,0.2,outside_flat_basin,0.0,0.020000000000000004,0.020000000000000004,0.25,0.2528076171875,0.002762130265692572,0.0,0.25,True,False
6,65,5,1,4,1,0.1,0.05,inside_flat_basin,0.0,0.0,0.0,0.2025,0.20477416992187508,0.0022373255152109838,0.0,0.2025,True,True
6,65,5,1,4,1,0.1,0.1,at_flat_radius,0.0,0.0,0.0,0.2025,0.20477416992187508,0.0022373255152109838,0.0,0.2025,True,True
6,65,5,1,4,1,0.1,0.30000000000000004,outside_flat_basin,0.0,0.020000000000000007,0.020000000000000007,0.2025,0.20477416992187508,0.0022373255152109838,0.0,0.2025,True,False
6,65,5,1,4,1,0.25,0.125,inside_flat_basin,0.0,0.0,0.0,0.140625,0.14220428466796875,0.0015536982744520718,0.0,0.140625,True,True
6,65,5,1,4,1,0.25,0.25,at_flat_radius,0.0,0.0,0.0,0.140625,0.14220428466796875,0.0015536982744520718,0.0,0.140625,True,True
6,65,5,1,4,1,0.25,0.45,outside_flat_basin,0.0,0.020000000000000004,0.020000000000000004,0.140625,0.14220428466796875,0.0015536982744520718,0.0,0.140625,True,False
6,65,5,1,4,1,0.5,0.25,inside_flat_basin,0.0,0.0,0.0,0.0625,0.063201904296875,0.000690532566423143,0.0,0.0625,True,True
6,65,5,1,4,1,0.5,0.5,at_flat_radius,0.0,0.0,0.0,0.0625,0.063201904296875,0.000690532566423143,0.0,0.0625,True,True
6,65,5,1,4,1,0.5,0.7,outside_flat_basin,0.0,0.01999999999999999,0.01999999999999999,0.0625,0.063201904296875,0.000690532566423143,0.0,0.0625,True,False
6,65,6,1,32,1,0.0,0.0,inside_flat_basin,0.0,0.0,0.0,0.25,0.25433349609375,0.0027618894449748773,0.0,0.25,True,True
6,65,6,1,32,1,0.0,0.0,at_flat_radius,0.0,0.0,0.0,0.25,0.25433349609375,0.0027618894449748773,0.0,0.25,True,True
6,65,6,1,32,1,0.0,0.2,outside_flat_basin,0.0,0.020000000000000004,0.020000000000000004,0.25,0.25433349609375,0.0027618894449748773,0.0,0.25,True,False
6,65,6,1,32,1,0.1,0.05,inside_flat_basin,0.0,0.0,0.0,0.2025,0.20601013183593758,0.0022371304504296505,0.0,0.2025,True,True
6,65,6,1,32,1,0.1,0.1,at_flat_radius,0.0,0.0,0.0,0.2025,0.20601013183593758,0.0022371304504296505,0.0,0.2025,True,True
6,65,6,1,32,1,0.1,0.30000000000000004,outside_flat_basin,0.0,0.020000000000000007,0.020000000000000007,0.2025,0.20601013183593758,0.0022371304504296505,0.0,0.2025,True,False
6,65,6,1,32,1,0.25,0.125,inside_flat_basin,0.0,0.0,0.0,0.140625,0.14306259155273438,0.0015535628127983684,0.0,0.140625,True,True
6,65,6,1,32,1,0.25,0.25,at_flat_radius,0.0,0.0,0.0,0.140625,0.14306259155273438,0.0015535628127983684,0.0,0.140625,True,True
6,65,6,1,32,1,0.25,0.45,outside_flat_basin,0.0,0.020000000000000004,0.020000000000000004,0.140625,0.14306259155273438,0.0015535628127983684,0.0,0.140625,True,False
6,65,6,1,32,1,0.5,0.25,inside_flat_basin,0.0,0.0,0.0,0.0625,0.0635833740234375,0.0006904723612437193,0.0,0.0625,True,True
6,65,6,1,32,1,0.5,0.5,at_flat_radius,0.0,0.0,0.0,0.0625,0.0635833740234375,0.0006904723612437193,0.0,0.0625,True,True
6,65,6,1,32,1,0.5,0.7,outside_flat_basin,0.0,0.01999999999999999,0.01999999999999999,0.0625,0.0635833740234375,0.0006904723612437193,0.0,0.0625,True,False
6,65,7,1,17,2,0.0,0.0,inside_flat_basin,0.0,0.0,0.0,0.25,0.24932861328125,0.002762294505728563,0.0,0.25,True,True
6,65,7,1,17,2,0.0,0.0,at_flat_radius,0.0,0.0,0.0,0.25,0.24932861328125,0.002762294505728563,0.0,0.25,True,True
6,65,7,1,17,2,0.0,0.2,outside_flat_basin,0.0,0.020000000000000004,0.020000000000000004,0.25,0.24932861328125,0.002762294505728563,0.0,0.25,True,False
6,65,7,1,17,2,0.1,0.05,inside_flat_basin,0.0,0.0,0.0,0.2025,0.20195617675781258,0.0022374585496401363,0.0,0.2025,True,True
6,65,7,1,17,2,0.1,0.1,at_flat_radius,0.0,0.0,0.0,0.2025,0.20195617675781258,0.0022374585496401363,0.0,0.2025,True,True
6,65,7,1,17,2,0.1,0.30000000000000004,outside_flat_basin,0.0,0.020000000000000007,0.020000000000000007,0.2025,0.20195617675781258,0.0022374585496401363,0.0,0.2025,True,False
6,65,7,1,17,2,0.25,0.125,inside_flat_basin,0.0,0.0,0.0,0.140625,0.14024734497070312,0.0015537906594723166,0.0,0.140625,True,True
6,65,7,1,17,2,0.25,0.25,at_flat_radius,0.0,0.0,0.0,0.140625,0.14024734497070312,0.0015537906594723166,0.0,0.140625,True,True
6,65,7,1,17,2,0.25,0.45,outside_flat_basin,0.0,0.020000000000000004,0.020000000000000004,0.140625,0.14024734497070312,0.0015537906594723166,0.0,0.140625,True,False
6,65,7,1,17,2,0.5,0.25,inside_flat_basin,0.0,0.0,0.0,0.0625,0.0623321533203125,0.0006905736264321407,0.0,0.0625,True,True
6,65,7,1,17,2,0.5,0.5,at_flat_radius,0.0,0.0,0.0,0.0625,0.0623321533203125,0.0006905736264321407,0.0,0.0625,True,True
6,65,7,1,17,2,0.5,0.7,outside_flat_basin,0.0,0.01999999999999999,0.01999999999999999,0.0625,0.0623321533203125,0.0006905736264321407,0.0,0.0625,True,False
6,65,8,1,47,1,0.0,0.0,inside_flat_basin,0.0,0.0,0.0,0.25,0.25213623046875,0.002762203619216192,0.0,0.25,True,True
6,65,8,1,47,1,0.0,0.0,at_flat_radius,0.0,0.0,0.0,0.25,0.25213623046875,0.002762203619216192,0.0,0.25,True,True
6,65,8,1,47,1,0.0,0.2,outside_flat_basin,0.0,0.020000000000000004,0.020000000000000004,0.25,0.25213623046875,0.002762203619216192,0.0,0.25,True,False
6,65,8,1,47,1,0.1,0.05,inside_flat_basin,0.0,0.0,0.0,0.2025,0.2042303466796876,0.002237384931565116,0.0,0.2025,True,True
6,65,8,1,47,1,0.1,0.1,at_flat_radius,0.0,0.0,0.0,0.2025,0.2042303466796876,0.002237384931565116,0.0,0.2025,True,True
6,65,8,1,47,1,0.1,0.30000000000000004,outside_flat_basin,0.0,0.020000000000000007,0.020000000000000007,0.2025,0.2042303466796876,0.002237384931565116,0.0,0.2025,True,False
6,65,8,1,47,1,0.25,0.125,inside_flat_basin,0.0,0.0,0.0,0.140625,0.14182662963867188,0.0015537395358091082,0.0,0.140625,True,True
6,65,8,1,47,1,0.25,0.25,at_flat_radius,0.0,0.0,0.0,0.140625,0.14182662963867188,0.0015537395358091082,0.0,0.140625,True,True
6,65,8,1,47,1,0.25,0.45,outside_flat_basin,0.0,0.020000000000000004,0.020000000000000004,0.140625,0.14182662963867188,0.0015537395358091082,0.0,0.140625,True,False
6,65,8,1,47,1,0.5,0.25,inside_flat_basin,0.0,0.0,0.0,0.0625,0.0630340576171875,0.000690550904804048,0.0,0.0625,True,True
6,65,8,1,47,1,0.5,0.5,at_flat_radius,0.0,0.0,0.0,0.0625,0.0630340576171875,0.000690550904804048,0.0,0.0625,True,True
6,65,8,1,47,1,0.5,0.7,outside_flat_basin,0.0,0.01999999999999999,0.01999999999999999,0.0625,0.0630340576171875,0.000690550904804048,0.0,0.0625,True,False
6,65,9,3,6,3,0.0,0.0,inside_flat_basin,0.0,0.0,0.0,0.25,0.24945068359375,0.002762297798662005,0.0,0.25,True,True
6,65,9,3,6,3,0.0,0.0,at_flat_radius,0.0,0.0,0.0,0.25,0.24945068359375,0.002762297798662005,0.0,0.25,True,True
6,65,9,3,6,3,0.0,0.2,outside_flat_basin,0.0,0.020000000000000004,0.020000000000000004,0.25,0.24945068359375,0.002762297798662005,0.0,0.25,True,False
6,65,9,3,6,3,0.1,0.05,inside_flat_basin,0.0,0.0,0.0,0.2025,0.20205505371093757,0.002237461216916224,0.0,0.2025,True,True
6,65,9,3,6,3,0.1,0.1,at_flat_radius,0.0,0.0,0.0,0.2025,0.20205505371093757,0.002237461216916224,0.0,0.2025,True,True
6,65,9,3,6,3,0.1,0.30000000000000004,outside_flat_basin,0.0,0.020000000000000007,0.020000000000000007,0.2025,0.20205505371093757,0.002237461216916224,0.0,0.2025,True,False
6,65,9,3,6,3,0.25,0.125,inside_flat_basin,0.0,0.0,0.0,0.140625,0.14031600952148438,0.0015537925117473778,0.0,0.140625,True,True
6,65,9,3,6,3,0.25,0.25,at_flat_radius,0.0,0.0,0.0,0.140625,0.14031600952148438,0.0015537925117473778,0.0,0.140625,True,True
6,65,9,3,6,3,0.25,0.45,outside_flat_basin,0.0,0.020000000000000004,0.020000000000000004,0.140625,0.14031600952148438,0.0015537925117473778,0.0,0.140625,True,False
6,65,9,3,6,3,0.5,0.25,inside_flat_basin,0.0,0.0,0.0,0.0625,0.0623626708984375,0.0006905744496655012,0.0,0.0625,True,True
6,65,9,3,6,3,0.5,0.5,at_flat_radius,0.0,0.0,0.0,0.0625,0.0623626708984375,0.0006905744496655012,0.0,0.0625,True,True
6,65,9,3,6,3,0.5,0.7,outside_flat_basin,0.0,0.01999999999999999,0.01999999999999999,0.0625,0.0623626708984375,0.0006905744496655012,0.0,0.0625,True,False
6,65,10,1,15,3,0.0,0.0,inside_flat_basin,0.0,0.0,0.0,0.25,0.24761962890625,0.0027621792505849187,0.0,0.25,True,True
6,65,10,1,15,3,0.0,0.0,at_flat_radius,0.0,0.0,0.0,0.25,0.24761962890625,0.0027621792505849187,0.0,0.25,True,True
6,65,10,1,15,3,0.0,0.2,outside_flat_basin,0.0,0.020000000000000004,0.020000000000000004,0.25,0.24761962890625,0.0027621792505849187,0.0,0.25,True,False
6,65,10,1,15,3,0.1,0.05,inside_flat_basin,0.0,0.0,0.0,0.2025,0.20057189941406256,0.0022373651929737844,0.0,0.2025,True,True
6,65,10,1,15,3,0.1,0.1,at_flat_radius,0.0,0.0,0.0,0.2025,0.20057189941406256,0.0022373651929737844,0.0,0.2025,True,True
6,65,10,1,15,3,0.1,0.30000000000000004,outside_flat_basin,0.0,0.020000000000000007,0.020000000000000007,0.2025,0.20057189941406256,0.0022373651929737844,0.0,0.2025,True,False
6,65,10,1,15,3,0.25,0.125,inside_flat_basin,0.0,0.0,0.0,0.140625,0.13928604125976562,0.001553725828454017,0.0,0.140625,True,True
6,65,10,1,15,3,0.25,0.25,at_flat_radius,0.0,0.0,0.0,0.140625,0.13928604125976562,0.001553725828454017,0.0,0.140625,True,True
6,65,10,1,15,3,0.25,0.45,outside_flat_basin,0.0,0.020000000000000004,0.020000000000000004,0.140625,0.13928604125976562,0.001553725828454017,0.0,0.140625,True,False
6,65,10,1,15,3,0.5,0.25,inside_flat_basin,0.0,0.0,0.0,0.0625,0.0619049072265625,0.0006905448126462297,0.0,0.0625,True,True
6,65,10,1,15,3,0.5,0.5,at_flat_radius,0.0,0.0,0.0,0.0625,0.0619049072265625,0.0006905448126462297,0.0,0.0625,True,True
6,65,10,1,15,3,0.5,0.7,outside_flat_basin,0.0,0.01999999999999999,0.01999999999999999,0.0625,0.0619049072265625,0.0006905448126462297,0.0,0.0625,True,False
6,65,11,1,7,1,0.0,0.0,inside_flat_basin,0.0,0.0,0.0,0.25,0.24737548828125,0.0027621522472559136,0.0,0.25,True,True
6,65,11,1,7,1,0.0,0.0,at_flat_radius,0.0,0.0,0.0,0.25,0.24737548828125,0.0027621522472559136,0.0,0.25,True,True
6,65,11,1,7,1,0.0,0.2,outside_flat_basin,0.0,0.020000000000000004,0.020000000000000004,0.25,0.24737548828125,0.0027621522472559136,0.0,0.25,True,False
6,65,11,1,7,1,0.1,0.05,inside_flat_basin,0.0,0.0,0.0,0.2025,0.20037414550781257,0.00223734332027729,0.0,0.2025,True,True
6,65,11,1,7,1,0.1,0.1,at_flat_radius,0.0,0.0,0.0,0.2025,0.20037414550781257,0.00223734332027729,0.0,0.2025,True,True
6,65,11,1,7,1,0.1,0.30000000000000004,outside_flat_basin,0.0,0.020000000000000007,0.020000000000000007,0.2025,0.20037414550781257,0.00223734332027729,0.0,0.2025,True,False
6,65,11,1,7,1,0.25,0.125,inside_flat_basin,0.0,0.0,0.0,0.140625,0.13914871215820312,0.0015537106390814512,0.0,0.140625,True,True
6,65,11,1,7,1,0.25,0.25,at_flat_radius,0.0,0.0,0.0,0.140625,0.13914871215820312,0.0015537106390814512,0.0,0.140625,True,True
6,65,11,1,7,1,0.25,0.45,outside_flat_basin,0.0,0.020000000000000004,0.020000000000000004,0.140625,0.13914871215820312,0.0015537106390814512,0.0,0.140625,True,False
6,65,11,1,7,1,0.5,0.25,inside_flat_basin,0.0,0.0,0.0,0.0625,0.0618438720703125,0.0006905380618139784,0.0,0.0625,True,True
6,65,11,1,7,1,0.5,0.5,at_flat_radius,0.0,0.0,0.0,0.0625,0.0618438720703125,0.0006905380618139784,0.0,0.0625,True,True
6,65,11,1,7,1,0.5,0.7,outside_flat_basin,0.0,0.01999999999999999,0.01999999999999999,0.0625,0.0618438720703125,0.0006905380618139784,0.0,0.0625,True,False
6,65,12,2,44,1,0.0,0.0,inside_flat_basin,0.0,0.0,0.0,0.25,0.24798583984375,0.002762214815542265,0.0,0.25,True,True
6,65,12,2,44,1,0.0,0.0,at_flat_radius,0.0,0.0,0.0,0.25,0.24798583984375,0.002762214815542265,0.0,0.25,True,True
6,65,12,2,44,1,0.0,0.2,outside_flat_basin,0.0,0.020000000000000004,0.020000000000000004,0.25,0.24798583984375,0.002762214815542265,0.0,0.25,True,False
6,65,12,2,44,1,0.1,0.05,inside_flat_basin,0.0,0.0,0.0,0.2025,0.20086853027343757,0.002237394000589235,0.0,0.2025,True,True
6,65,12,2,44,1,0.1,0.1,at_flat_radius,0.0,0.0,0.0,0.2025,0.20086853027343757,0.002237394000589235,0.0,0.2025,True,True
6,65,12,2,44,1,0.1,0.30000000000000004,outside_flat_basin,0.0,0.020000000000000007,0.020000000000000007,0.2025,0.20086853027343757,0.002237394000589235,0.0,0.2025,True,False
6,65,12,2,44,1,0.25,0.125,inside_flat_basin,0.0,0.0,0.0,0.140625,0.13949203491210938,0.0015537458337425243,0.0,0.140625,True,True
6,65,12,2,44,1,0.25,0.25,at_flat_radius,0.0,0.0,0.0,0.140625,0.13949203491210938,0.0015537458337425243,0.0,0.140625,True,True
6,65,12,2,44,1,0.25,0.45,outside_flat_basin,0.0,0.020000000000000004,0.020000000000000004,0.140625,0.13949203491210938,0.0015537458337425243,0.0,0.140625,True,False
6,65,12,2,44,1,0.5,0.25,inside_flat_basin,0.0,0.0,0.0,0.0625,0.0619964599609375,0.0006905537038855663,0.0,0.0625,True,True
6,65,12,2,44,1,0.5,0.5,at_flat_radius,0.0,0.0,0.0,0.0625,0.0619964599609375,0.0006905537038855663,0.0,0.0625,True,True
6,65,12,2,44,1,0.5,0.7,outside_flat_basin,0.0,0.01999999999999999,0.01999999999999999,0.0625,0.0619964599609375,0.0006905537038855663,0.0,0.0625,True,False
6,65,13,4,4,3,0.0,0.0,inside_flat_basin,0.0,0.0,0.0,0.25,0.24755859375,0.002762172746758469,0.0,0.25,True,True
6,65,13,4,4,3,0.0,0.0,at_flat_radius,0.0,0.0,0.0,0.25,0.24755859375,0.002762172746758469,0.0,0.25,True,True
6,65,13,4,4,3,0.0,0.2,outside_flat_basin,0.0,0.020000000000000004,0.020000000000000004,0.25,0.24755859375,0.002762172746758469,0.0,0.25,True,False
6,65,13,4,4,3,0.1,0.05,inside_flat_basin,0.0,0.0,0.0,0.2025,0.20052246093750006,0.0022373599248743602,0.0,0.2025,True,True
6,65,13,4,4,3,0.1,0.1,at_flat_radius,0.0,0.0,0.0,0.2025,0.20052246093750006,0.0022373599248743602,0.0,0.2025,True,True
6,65,13,4,4,3,0.1,0.30000000000000004,outside_flat_basin,0.0,0.020000000000000007,0.020000000000000007,0.2025,0.20052246093750006,0.0022373599248743602,0.0,0.2025,True,False
6,65,13,4,4,3,0.25,0.125,inside_flat_basin,0.0,0.0,0.0,0.140625,0.139251708984375,0.0015537221700516388,0.0,0.140625,True,True
6,65,13,4,4,3,0.25,0.25,at_flat_radius,0.0,0.0,0.0,0.140625,0.139251708984375,0.0015537221700516388,0.0,0.140625,True,True
6,65,13,4,4,3,0.25,0.45,outside_flat_basin,0.0,0.020000000000000004,0.020000000000000004,0.140625,0.139251708984375,0.0015537221700516388,0.0,0.140625,True,False
6,65,13,4,4,3,0.5,0.25,inside_flat_basin,0.0,0.0,0.0,0.0625,0.0618896484375,0.0006905431866896173,0.0,0.0625,True,True
6,65,13,4,4,3,0.5,0.5,at_flat_radius,0.0,0.0,0.0,0.0625,0.0618896484375,0.0006905431866896173,0.0,0.0625,True,True
6,65,13,4,4,3,0.5,0.7,outside_flat_basin,0.0,0.01999999999999999,0.01999999999999999,0.0625,0.0618896484375,0.0006905431866896173,0.0,0.0625,True,False
6,65,14,1,61,1,0.0,0.0,inside_flat_basin,0.0,0.0,0.0,0.25,0.24847412109375,0.0027622530144308507,0.0,0.25,True,True
6,65,14,1,61,1,0.0,0.0,at_flat_radius,0.0,0.0,0.0,0.25,0.24847412109375,0.0027622530144308507,0.0,0.25,True,True
6,65,14,1,61,1,0.0,0.2,outside_flat_basin,0.0,0.020000000000000004,0.020000000000000004,0.25,0.24847412109375,0.0027622530144308507,0.0,0.25,True,False
6,65,14,1,61,1,0.1,0.05,inside_flat_basin,0.0,0.0,0.0,0.2025,0.20126403808593757,0.0022374249416889894,0.0,0.2025,True,True
6,65,14,1,61,1,0.1,0.1,at_flat_radius,0.0,0.0,0.0,0.2025,0.20126403808593757,0.0022374249416889894,0.0,0.2025,True,True
6,65,14,1,61,1,0.1,0.30000000000000004,outside_flat_basin,0.0,0.020000000000000007,0.020000000000000007,0.2025,0.20126403808593757,0.0022374249416889894,0.0,0.2025,True,False
6,65,14,1,61,1,0.25,0.125,inside_flat_basin,0.0,0.0,0.0,0.140625,0.13976669311523438,0.0015537673206173534,0.0,0.140625,True,True
6,65,14,1,61,1,0.25,0.25,at_flat_radius,0.0,0.0,0.0,0.140625,0.13976669311523438,0.0015537673206173534,0.0,0.140625,True,True
6,65,14,1,61,1,0.25,0.45,outside_flat_basin,0.0,0.020000000000000004,0.020000000000000004,0.140625,0.13976669311523438,0.0015537673206173534,0.0,0.140625,True,False
6,65,14,1,61,1,0.5,0.25,inside_flat_basin,0.0,0.0,0.0,0.0625,0.0621185302734375,0.0006905632536077127,0.0,0.0625,True,True
6,65,14,1,61,1,0.5,0.5,at_flat_radius,0.0,0.0,0.0,0.0625,0.0621185302734375,0.0006905632536077127,0.0,0.0625,True,True
6,65,14,1,61,1,0.5,0.7,outside_flat_basin,0.0,0.01999999999999999,0.01999999999999999,0.0625,0.0621185302734375,0.0006905632536077127,0.0,0.0625,True,False
6,65,15,1,43,1,0.0,0.0,inside_flat_basin,0.0,0.0,0.0,0.25,0.24951171875,0.002762299198157529,0.0,0.25,True,True
6,65,15,1,43,1,0.0,0.0,at_flat_radius,0.0,0.0,0.0,0.25,0.24951171875,0.002762299198157529,0.0,0.25,True,True
6,65,15,1,43,1,0.0,0.2,outside_flat_basin,0.0,0.020000000000000004,0.020000000000000004,0.25,0.24951171875,0.002762299198157529,0.0,0.25,True,False
6,65,15,1,43,1,0.1,0.05,inside_flat_basin,0.0,0.0,0.0,0.2025,0.20210449218750007,0.0022374623505075986,0.0,0.2025,True,True
6,65,15,1,43,1,0.1,0.1,at_flat_radius,0.0,0.0,0.0,0.2025,0.20210449218750007,0.0022374623505075986,0.0,0.2025,True,True
6,65,15,1,43,1,0.1,0.30000000000000004,outside_flat_basin,0.0,0.020000000000000007,0.020000000000000007,0.2025,0.20210449218750007,0.0022374623505075986,0.0,0.2025,True,False
6,65,15,1,43,1,0.25,0.125,inside_flat_basin,0.0,0.0,0.0,0.140625,0.140350341796875,0.00155379329896361,0.0,0.140625,True,True
6,65,15,1,43,1,0.25,0.25,at_flat_radius,0.0,0.0,0.0,0.140625,0.140350341796875,0.00155379329896361,0.0,0.140625,True,True
6,65,15,1,43,1,0.25,0.45,outside_flat_basin,0.0,0.020000000000000004,0.020000000000000004,0.140625,0.140350341796875,0.00155379329896361,0.0,0.140625,True,False
6,65,15,1,43,1,0.5,0.25,inside_flat_basin,0.0,0.0,0.0,0.0625,0.0623779296875,0.0006905747995393823,0.0,0.0625,True,True
6,65,15,1,43,1,0.5,0.5,at_flat_radius,0.0,0.0,0.0,0.0625,0.0623779296875,0.0006905747995393823,0.0,0.0625,True,True
6,65,15,1,43,1,0.5,0.7,outside_flat_basin,0.0,0.01999999999999999,0.01999999999999999,0.0625,0.0623779296875,0.0006905747995393823,0.0,0.0625,True,False
8,257,0,1,170,1,0.0,0.0,inside_flat_basin,0.0,0.0,0.0,0.25,0.25262451171875,0.0027621522472559136,0.0,0.25,True,True
8,257,0,1,170,1,0.0,0.0,at_flat_radius,0.0,0.0,0.0,0.25,0.25262451171875,0.0027621522472559136,0.0,0.25,True,True
8,257,0,1,170,1,0.0,0.2,outside_flat_basin,0.0,0.020000000000000004,0.020000000000000004,0.25,0.25262451171875,0.0027621522472559136,0.0,0.25,True,False
8,257,0,1,170,1,0.1,0.05,inside_flat_basin,0.0,0.0,0.0,0.2025,0.20462585449218756,0.00223734332027729,0.0,0.2025,True,True
8,257,0,1,170,1,0.1,0.1,at_flat_radius,0.0,0.0,0.0,0.2025,0.20462585449218756,0.00223734332027729,0.0,0.2025,True,True
8,257,0,1,170,1,0.1,0.30000000000000004,outside_flat_basin,0.0,0.020000000000000007,0.020000000000000007,0.2025,0.20462585449218756,0.00223734332027729,0.0,0.2025,True,False
8,257,0,1,170,1,0.25,0.125,inside_flat_basin,0.0,0.0,0.0,0.140625,0.14210128784179688,0.0015537106390814512,0.0,0.140625,True,True
8,257,0,1,170,1,0.25,0.25,at_flat_radius,0.0,0.0,0.0,0.140625,0.14210128784179688,0.0015537106390814512,0.0,0.140625,True,True
8,257,0,1,170,1,0.25,0.45,outside_flat_basin,0.0,0.020000000000000004,0.020000000000000004,0.140625,0.14210128784179688,0.0015537106390814512,0.0,0.140625,True,False
8,257,0,1,170,1,0.5,0.25,inside_flat_basin,0.0,0.0,0.0,0.0625,0.0631561279296875,0.0006905380618139784,0.0,0.0625,True,True
8,257,0,1,170,1,0.5,0.5,at_flat_radius,0.0,0.0,0.0,0.0625,0.0631561279296875,0.0006905380618139784,0.0,0.0625,True,True
8,257,0,1,170,1,0.5,0.7,outside_flat_basin,0.0,0.01999999999999999,0.01999999999999999,0.0625,0.0631561279296875,0.0006905380618139784,0.0,0.0625,True,False
8,257,1,1,157,1,0.0,0.0,inside_flat_basin,0.0,0.0,0.0,0.25,0.2490234375,0.0027622833920492146,0.0,0.25,True,True
8,257,1,1,157,1,0.0,0.0,at_flat_radius,0.0,0.0,0.0,0.25,0.2490234375,0.0027622833920492146,0.0,0.25,True,True
8,257,1,1,157,1,0.0,0.2,outside_flat_basin,0.0,0.020000000000000004,0.020000000000000004,0.25,0.2490234375,0.0027622833920492146,0.0,0.25,True,False
8,257,1,1,157,1,0.1,0.05,inside_flat_basin,0.0,0.0,0.0,0.2025,0.20170898437500007,0.002237449547559864,0.0,0.2025,True,True
8,257,1,1,157,1,0.1,0.1,at_flat_radius,0.0,0.0,0.0,0.2025,0.20170898437500007,0.002237449547559864,0.0,0.2025,True,True
8,257,1,1,157,1,0.1,0.30000000000000004,outside_flat_basin,0.0,0.020000000000000007,0.020000000000000007,0.2025,0.20170898437500007,0.002237449547559864,0.0,0.2025,True,False
8,257,1,1,157,1,0.25,0.125,inside_flat_basin,0.0,0.0,0.0,0.140625,0.14007568359375,0.0015537844080276831,0.0,0.140625,True,True
8,257,1,1,157,1,0.25,0.25,at_flat_radius,0.0,0.0,0.0,0.140625,0.14007568359375,0.0015537844080276831,0.0,0.140625,True,True
8,257,1,1,157,1,0.25,0.45,outside_flat_basin,0.0,0.020000000000000004,0.020000000000000004,0.140625,0.14007568359375,0.0015537844080276831,0.0,0.140625,True,False
8,257,1,1,157,1,0.5,0.25,inside_flat_basin,0.0,0.0,0.0,0.0625,0.062255859375,0.0006905708480123037,0.0,0.0625,True,True
8,257,1,1,157,1,0.5,0.5,at_flat_radius,0.0,0.0,0.0,0.0625,0.062255859375,0.0006905708480123037,0.0,0.0625,True,True
8,257,1,1,157,1,0.5,0.7,outside_flat_basin,0.0,0.01999999999999999,0.01999999999999999,0.0625,0.062255859375,0.0006905708480123037,0.0,0.0625,True,False
8,257,2,2,158,2,0.0,0.0,inside_flat_basin,0.0,0.0,0.0,0.25,0.24993896484375,0.0027623043845171127,0.0,0.25,True,True
8,257,2,2,158,2,0.0,0.0,at_flat_radius,0.0,0.0,0.0,0.25,0.24993896484375,0.0027623043845171127,0.0,0.25,True,True
8,257,2,2,158,2,0.0,0.2,outside_flat_basin,0.0,0.020000000000000004,0.020000000000000004,0.25,0.24993896484375,0.0027623043845171127,0.0,0.25,True,False
8,257,2,2,158,2,0.1,0.05,inside_flat_basin,0.0,0.0,0.0,0.2025,0.20245056152343757,0.0022374665514588617,0.0,0.2025,True,True
8,257,2,2,158,2,0.1,0.1,at_flat_radius,0.0,0.0,0.0,0.2025,0.20245056152343757,0.0022374665514588617,0.0,0.2025,True,True
8,257,2,2,158,2,0.1,0.30000000000000004,outside_flat_basin,0.0,0.020000000000000007,0.020000000000000007,0.2025,0.20245056152343757,0.0022374665514588617,0.0,0.2025,True,False
8,257,2,2,158,2,0.25,0.125,inside_flat_basin,0.0,0.0,0.0,0.140625,0.14059066772460938,0.001553796216290876,0.0,0.140625,True,True
8,257,2,2,158,2,0.25,0.25,at_flat_radius,0.0,0.0,0.0,0.140625,0.14059066772460938,0.001553796216290876,0.0,0.140625,True,True
8,257,2,2,158,2,0.25,0.45,outside_flat_basin,0.0,0.020000000000000004,0.020000000000000004,0.140625,0.14059066772460938,0.001553796216290876,0.0,0.140625,True,False
8,257,2,2,158,2,0.5,0.25,inside_flat_basin,0.0,0.0,0.0,0.0625,0.0624847412109375,0.0006905760961292782,0.0,0.0625,True,True
8,257,2,2,158,2,0.5,0.5,at_flat_radius,0.0,0.0,0.0,0.0625,0.0624847412109375,0.0006905760961292782,0.0,0.0625,True,True
8,257,2,2,158,2,0.5,0.7,outside_flat_basin,0.0,0.01999999999999999,0.01999999999999999,0.0625,0.0624847412109375,0.0006905760961292782,0.0,0.0625,True,False
8,257,3,1,6,1,0.0,0.0,inside_flat_basin,0.0,0.0,0.0,0.25,0.248779296875,0.0027622715374086247,0.0,0.25,True,True
8,257,3,1,6,1,0.0,0.0,at_flat_radius,0.0,0.0,0.0,0.25,0.248779296875,0.0027622715374086247,0.0,0.25,True,True
8,257,3,1,6,1,0.0,0.2,outside_flat_basin,0.0,0.020000000000000004,0.020000000000000004,0.25,0.248779296875,0.0027622715374086247,0.0,0.25,True,False
8,257,3,1,6,1,0.1,0.05,inside_flat_basin,0.0,0.0,0.0,0.2025,0.20151123046875008,0.002237439945300986,0.0,0.2025,True,True
8,257,3,1,6,1,0.1,0.1,at_flat_radius,0.0,0.0,0.0,0.2025,0.20151123046875008,0.002237439945300986,0.0,0.2025,True,True
8,257,3,1,6,1,0.1,0.30000000000000004,outside_flat_basin,0.0,0.020000000000000007,0.020000000000000007,0.2025,0.20151123046875008,0.002237439945300986,0.0,0.2025,True,False
8,257,3,1,6,1,0.25,0.125,inside_flat_basin,0.0,0.0,0.0,0.140625,0.1399383544921875,0.0015537777397923514,0.0,0.140625,True,True
8,257,3,1,6,1,0.25,0.25,at_flat_radius,0.0,0.0,0.0,0.140625,0.1399383544921875,0.0015537777397923514,0.0,0.140625,True,True
8,257,3,1,6,1,0.25,0.45,outside_flat_basin,0.0,0.020000000000000004,0.020000000000000004,0.140625,0.1399383544921875,0.0015537777397923514,0.0,0.140625,True,False
8,257,3,1,6,1,0.5,0.25,inside_flat_basin,0.0,0.0,0.0,0.0625,0.06219482421875,0.0006905678843521562,0.0,0.0625,True,True
8,257,3,1,6,1,0.5,0.5,at_flat_radius,0.0,0.0,0.0,0.0625,0.06219482421875,0.0006905678843521562,0.0,0.0625,True,True
8,257,3,1,6,1,0.5,0.7,outside_flat_basin,0.0,0.01999999999999999,0.01999999999999999,0.0625,0.06219482421875,0.0006905678843521562,0.0,0.0625,True,False
8,257,4,1,91,2,0.0,0.0,inside_flat_basin,0.0,0.0,0.0,0.25,0.25482177734375,0.0027617906406570826,0.0,0.25,True,True
8,257,4,1,91,2,0.0,0.0,at_flat_radius,0.0,0.0,0.0,0.25,0.25482177734375,0.0027617906406570826,0.0,0.25,True,True
8,257,4,1,91,2,0.0,0.2,outside_flat_basin,0.0,0.020000000000000004,0.020000000000000004,0.25,0.25482177734375,0.0027617906406570826,0.0,0.25,True,False
8,257,4,1,91,2,0.1,0.05,inside_flat_basin,0.0,0.0,0.0,0.2025,0.20640563964843756,0.002237050418932237,0.0,0.2025,True,True
8,257,4,1,91,2,0.1,0.1,at_flat_radius,0.0,0.0,0.0,0.2025,0.20640563964843756,0.002237050418932237,0.0,0.2025,True,True
8,257,4,1,91,2,0.1,0.30000000000000004,outside_flat_basin,0.0,0.020000000000000007,0.020000000000000007,0.2025,0.20640563964843756,0.002237050418932237,0.0,0.2025,True,False
8,257,4,1,91,2,0.25,0.125,inside_flat_basin,0.0,0.0,0.0,0.140625,0.14333724975585938,0.001553507235369609,0.0,0.140625,True,True
8,257,4,1,91,2,0.25,0.25,at_flat_radius,0.0,0.0,0.0,0.140625,0.14333724975585938,0.001553507235369609,0.0,0.140625,True,True
8,257,4,1,91,2,0.25,0.45,outside_flat_basin,0.0,0.020000000000000004,0.020000000000000004,0.140625,0.14333724975585938,0.001553507235369609,0.0,0.140625,True,False
8,257,4,1,91,2,0.5,0.25,inside_flat_basin,0.0,0.0,0.0,0.0625,0.0637054443359375,0.0006904476601642706,0.0,0.0625,True,True
8,257,4,1,91,2,0.5,0.5,at_flat_radius,0.0,0.0,0.0,0.0625,0.0637054443359375,0.0006904476601642706,0.0,0.0625,True,True
8,257,4,1,91,2,0.5,0.7,outside_flat_basin,0.0,0.01999999999999999,0.01999999999999999,0.0625,0.0637054443359375,0.0006904476601642706,0.0,0.0625,True,False
8,257,5,1,24,1,0.0,0.0,inside_flat_basin,0.0,0.0,0.0,0.25,0.24908447265625,0.0027622859440832423,0.0,0.25,True,True
8,257,5,1,24,1,0.0,0.0,at_flat_radius,0.0,0.0,0.0,0.25,0.24908447265625,0.0027622859440832423,0.0,0.25,True,True
8,257,5,1,24,1,0.0,0.2,outside_flat_basin,0.0,0.020000000000000004,0.020000000000000004,0.25,0.24908447265625,0.0027622859440832423,0.0,0.25,True,False
8,257,5,1,24,1,0.1,0.05,inside_flat_basin,0.0,0.0,0.0,0.2025,0.20175842285156256,0.0022374516147074266,0.0,0.2025,True,True
8,257,5,1,24,1,0.1,0.1,at_flat_radius,0.0,0.0,0.0,0.2025,0.20175842285156256,0.0022374516147074266,0.0,0.2025,True,True
8,257,5,1,24,1,0.1,0.30000000000000004,outside_flat_basin,0.0,0.020000000000000007,0.020000000000000007,0.2025,0.20175842285156256,0.0022374516147074266,0.0,0.2025,True,False
8,257,5,1,24,1,0.25,0.125,inside_flat_basin,0.0,0.0,0.0,0.140625,0.14011001586914062,0.0015537858435468238,0.0,0.140625,True,True
8,257,5,1,24,1,0.25,0.25,at_flat_radius,0.0,0.0,0.0,0.140625,0.14011001586914062,0.0015537858435468238,0.0,0.140625,True,True
8,257,5,1,24,1,0.25,0.45,outside_flat_basin,0.0,0.020000000000000004,0.020000000000000004,0.140625,0.14011001586914062,0.0015537858435468238,0.0,0.140625,True,False
8,257,5,1,24,1,0.5,0.25,inside_flat_basin,0.0,0.0,0.0,0.0625,0.0622711181640625,0.0006905714860208106,0.0,0.0625,True,True
8,257,5,1,24,1,0.5,0.5,at_flat_radius,0.0,0.0,0.0,0.0625,0.0622711181640625,0.0006905714860208106,0.0,0.0625,True,True
8,257,5,1,24,1,0.5,0.7,outside_flat_basin,0.0,0.01999999999999999,0.01999999999999999,0.0625,0.0622711181640625,0.0006905714860208106,0.0,0.0625,True,False
8,257,6,2,77,1,0.0,0.0,inside_flat_basin,0.0,0.0,0.0,0.25,0.252197265625,0.002762197774057344,0.0,0.25,True,True
8,257,6,2,77,1,0.0,0.0,at_flat_radius,0.0,0.0,0.0,0.25,0.252197265625,0.002762197774057344,0.0,0.25,True,True
8,257,6,2,77,1,0.0,0.2,outside_flat_basin,0.0,0.020000000000000004,0.020000000000000004,0.25,0.252197265625,0.002762197774057344,0.0,0.25,True,False
8,257,6,2,77,1,0.1,0.05,inside_flat_basin,0.0,0.0,0.0,0.2025,0.20427978515625006,0.002237380196986449,0.0,0.2025,True,True
8,257,6,2,77,1,0.1,0.1,at_flat_radius,0.0,0.0,0.0,0.2025,0.20427978515625006,0.002237380196986449,0.0,0.2025,True,True
8,257,6,2,77,1,0.1,0.30000000000000004,outside_flat_basin,0.0,0.020000000000000007,0.020000000000000007,0.2025,0.20427978515625006,0.002237380196986449,0.0,0.2025,True,False
8,257,6,2,77,1,0.25,0.125,inside_flat_basin,0.0,0.0,0.0,0.140625,0.1418609619140625,0.0015537362479072561,0.0,0.140625,True,True
8,257,6,2,77,1,0.25,0.25,at_flat_radius,0.0,0.0,0.0,0.140625,0.1418609619140625,0.0015537362479072561,0.0,0.140625,True,True
8,257,6,2,77,1,0.25,0.45,outside_flat_basin,0.0,0.020000000000000004,0.020000000000000004,0.140625,0.1418609619140625,0.0015537362479072561,0.0,0.140625,True,False
8,257,6,2,77,1,0.5,0.25,inside_flat_basin,0.0,0.0,0.0,0.0625,0.06304931640625,0.000690549443514336,0.0,0.0625,True,True
8,257,6,2,77,1,0.5,0.5,at_flat_radius,0.0,0.0,0.0,0.0625,0.06304931640625,0.000690549443514336,0.0,0.0625,True,True
8,257,6,2,77,1,0.5,0.7,outside_flat_basin,0.0,0.01999999999999999,0.01999999999999999,0.0625,0.06304931640625,0.000690549443514336,0.0,0.0625,True,False
8,257,7,1,126,1,0.0,0.0,inside_flat_basin,0.0,0.0,0.0,0.25,0.24920654296875,0.0027622905542032507,0.0,0.25,True,True
8,257,7,1,126,1,0.0,0.0,at_flat_radius,0.0,0.0,0.0,0.25,0.24920654296875,0.0027622905542032507,0.0,0.25,True,True
8,257,7,1,126,1,0.0,0.2,outside_flat_basin,0.0,0.020000000000000004,0.020000000000000004,0.25,0.24920654296875,0.0027622905542032507,0.0,0.25,True,False
8,257,7,1,126,1,0.1,0.05,inside_flat_basin,0.0,0.0,0.0,0.2025,0.20185729980468756,0.0022374553489046337,0.0,0.2025,True,True
8,257,7,1,126,1,0.1,0.1,at_flat_radius,0.0,0.0,0.0,0.2025,0.20185729980468756,0.0022374553489046337,0.0,0.2025,True,True
8,257,7,1,126,1,0.1,0.30000000000000004,outside_flat_basin,0.0,0.020000000000000007,0.020000000000000007,0.2025,0.20185729980468756,0.0022374553489046337,0.0,0.2025,True,False
8,257,7,1,126,1,0.25,0.125,inside_flat_basin,0.0,0.0,0.0,0.140625,0.14017868041992188,0.0015537884367393287,0.0,0.140625,True,True
8,257,7,1,126,1,0.25,0.25,at_flat_radius,0.0,0.0,0.0,0.140625,0.14017868041992188,0.0015537884367393287,0.0,0.140625,True,True
8,257,7,1,126,1,0.25,0.45,outside_flat_basin,0.0,0.020000000000000004,0.020000000000000004,0.140625,0.14017868041992188,0.0015537884367393287,0.0,0.140625,True,False
8,257,7,1,126,1,0.5,0.25,inside_flat_basin,0.0,0.0,0.0,0.0625,0.0623016357421875,0.0006905726385508127,0.0,0.0625,True,True
8,257,7,1,126,1,0.5,0.5,at_flat_radius,0.0,0.0,0.0,0.0625,0.0623016357421875,0.0006905726385508127,0.0,0.0625,True,True
8,257,7,1,126,1,0.5,0.7,outside_flat_basin,0.0,0.01999999999999999,0.01999999999999999,0.0625,0.0623016357421875,0.0006905726385508127,0.0,0.0625,True,False
8,257,8,1,70,1,0.0,0.0,inside_flat_basin,0.0,0.0,0.0,0.25,0.2470703125,0.002762114787932533,0.0,0.25,True,True
8,257,8,1,70,1,0.0,0.0,at_flat_radius,0.0,0.0,0.0,0.25,0.2470703125,0.002762114787932533,0.0,0.25,True,True
8,257,8,1,70,1,0.0,0.2,outside_flat_basin,0.0,0.020000000000000004,0.020000000000000004,0.25,0.2470703125,0.002762114787932533,0.0,0.25,True,False
8,257,8,1,70,1,0.1,0.05,inside_flat_basin,0.0,0.0,0.0,0.2025,0.20012695312500006,0.0022373129782253523,0.0,0.2025,True,True
8,257,8,1,70,1,0.1,0.1,at_flat_radius,0.0,0.0,0.0,0.2025,0.20012695312500006,0.0022373129782253523,0.0,0.2025,True,True
8,257,8,1,70,1,0.1,0.30000000000000004,outside_flat_basin,0.0,0.020000000000000007,0.020000000000000007,0.2025,0.20012695312500006,0.0022373129782253523,0.0,0.2025,True,False
8,257,8,1,70,1,0.25,0.125,inside_flat_basin,0.0,0.0,0.0,0.140625,0.13897705078125,0.00155368956821205,0.0,0.140625,True,True
8,257,8,1,70,1,0.25,0.25,at_flat_radius,0.0,0.0,0.0,0.140625,0.13897705078125,0.00155368956821205,0.0,0.140625,True,True
8,257,8,1,70,1,0.25,0.45,outside_flat_basin,0.0,0.020000000000000004,0.020000000000000004,0.140625,0.13897705078125,0.00155368956821205,0.0,0.140625,True,False
8,257,8,1,70,1,0.5,0.25,inside_flat_basin,0.0,0.0,0.0,0.0625,0.061767578125,0.0006905286969831332,0.0,0.0625,True,True
8,257,8,1,70,1,0.5,0.5,at_flat_radius,0.0,0.0,0.0,0.0625,0.061767578125,0.0006905286969831332,0.0,0.0625,True,True
8,257,8,1,70,1,0.5,0.7,outside_flat_basin,0.0,0.01999999999999999,0.01999999999999999,0.0625,0.061767578125,0.0006905286969831332,0.0,0.0625,True,False
8,257,9,1,151,1,0.0,0.0,inside_flat_basin,0.0,0.0,0.0,0.25,0.2493896484375,0.0027622962345191094,0.0,0.25,True,True
8,257,9,1,151,1,0.0,0.0,at_flat_radius,0.0,0.0,0.0,0.25,0.2493896484375,0.0027622962345191094,0.0,0.25,True,True
8,257,9,1,151,1,0.0,0.2,outside_flat_basin,0.0,0.020000000000000004,0.020000000000000004,0.25,0.2493896484375,0.0027622962345191094,0.0,0.25,True,False
8,257,9,1,151,1,0.1,0.05,inside_flat_basin,0.0,0.0,0.0,0.2025,0.20200561523437505,0.0022374599499604786,0.0,0.2025,True,True
8,257,9,1,151,1,0.1,0.1,at_flat_radius,0.0,0.0,0.0,0.2025,0.20200561523437505,0.0022374599499604786,0.0,0.2025,True,True
8,257,9,1,151,1,0.1,0.30000000000000004,outside_flat_basin,0.0,0.020000000000000007,0.020000000000000007,0.2025,0.20200561523437505,0.0022374599499604786,0.0,0.2025,True,False
8,257,9,1,151,1,0.25,0.125,inside_flat_basin,0.0,0.0,0.0,0.140625,0.14028167724609375,0.0015537916319169989,0.0,0.140625,True,True
8,257,9,1,151,1,0.25,0.25,at_flat_radius,0.0,0.0,0.0,0.140625,0.14028167724609375,0.0015537916319169989,0.0,0.140625,True,True
8,257,9,1,151,1,0.25,0.45,outside_flat_basin,0.0,0.020000000000000004,0.020000000000000004,0.140625,0.14028167724609375,0.0015537916319169989,0.0,0.140625,True,False
8,257,9,1,151,1,0.5,0.25,inside_flat_basin,0.0,0.0,0.0,0.0625,0.062347412109375,0.0006905740586297774,0.0,0.0625,True,True
8,257,9,1,151,1,0.5,0.5,at_flat_radius,0.0,0.0,0.0,0.0625,0.062347412109375,0.0006905740586297774,0.0,0.0625,True,True
8,257,9,1,151,1,0.5,0.7,outside_flat_basin,0.0,0.01999999999999999,0.01999999999999999,0.0625,0.062347412109375,0.0006905740586297774,0.0,0.0625,True,False
8,257,10,1,8,2,0.0,0.0,inside_flat_basin,0.0,0.0,0.0,0.25,0.2489013671875,0.002762277794030831,0.0,0.25,True,True
8,257,10,1,8,2,0.0,0.0,at_flat_radius,0.0,0.0,0.0,0.25,0.2489013671875,0.002762277794030831,0.0,0.25,True,True
8,257,10,1,8,2,0.0,0.2,outside_flat_basin,0.0,0.020000000000000004,0.020000000000000004,0.25,0.2489013671875,0.002762277794030831,0.0,0.25,True,False
8,257,10,1,8,2,0.1,0.05,inside_flat_basin,0.0,0.0,0.0,0.2025,0.20161010742187507,0.0022374450131649733,0.0,0.2025,True,True
8,257,10,1,8,2,0.1,0.1,at_flat_radius,0.0,0.0,0.0,0.2025,0.20161010742187507,0.0022374450131649733,0.0,0.2025,True,True
8,257,10,1,8,2,0.1,0.30000000000000004,outside_flat_basin,0.0,0.020000000000000007,0.020000000000000007,0.2025,0.20161010742187507,0.0022374450131649733,0.0,0.2025,True,False
8,257,10,1,8,2,0.25,0.125,inside_flat_basin,0.0,0.0,0.0,0.140625,0.14000701904296875,0.0015537812591423425,0.0,0.140625,True,True
8,257,10,1,8,2,0.25,0.25,at_flat_radius,0.0,0.0,0.0,0.140625,0.14000701904296875,0.0015537812591423425,0.0,0.140625,True,True
8,257,10,1,8,2,0.25,0.45,outside_flat_basin,0.0,0.020000000000000004,0.020000000000000004,0.140625,0.14000701904296875,0.0015537812591423425,0.0,0.140625,True,False
8,257,10,1,8,2,0.5,0.25,inside_flat_basin,0.0,0.0,0.0,0.0625,0.062225341796875,0.0006905694485077078,0.0,0.0625,True,True
8,257,10,1,8,2,0.5,0.5,at_flat_radius,0.0,0.0,0.0,0.0625,0.062225341796875,0.0006905694485077078,0.0,0.0625,True,True
8,257,10,1,8,2,0.5,0.7,outside_flat_basin,0.0,0.01999999999999999,0.01999999999999999,0.0625,0.062225341796875,0.0006905694485077078,0.0,0.0625,True,False
8,257,11,1,17,2,0.0,0.0,inside_flat_basin,0.0,0.0,0.0,0.25,0.2471923828125,0.002762130265692572,0.0,0.25,True,True
8,257,11,1,17,2,0.0,0.0,at_flat_radius,0.0,0.0,0.0,0.25,0.2471923828125,0.002762130265692572,0.0,0.25,True,True
8,257,11,1,17,2,0.0,0.2,outside_flat_basin,0.0,0.020000000000000004,0.020000000000000004,0.25,0.2471923828125,0.002762130265692572,0.0,0.25,True,False
8,257,11,1,17,2,0.1,0.05,inside_flat_basin,0.0,0.0,0.0,0.2025,0.20022583007812506,0.0022373255152109838,0.0,0.2025,True,True
8,257,11,1,17,2,0.1,0.1,at_flat_radius,0.0,0.0,0.0,0.2025,0.20022583007812506,0.0022373255152109838,0.0,0.2025,True,True
8,257,11,1,17,2,0.1,0.30000000000000004,outside_flat_basin,0.0,0.020000000000000007,0.020000000000000007,0.2025,0.20022583007812506,0.0022373255152109838,0.0,0.2025,True,False
8,257,11,1,17,2,0.25,0.125,inside_flat_basin,0.0,0.0,0.0,0.140625,0.13904571533203125,0.0015536982744520718,0.0,0.140625,True,True
8,257,11,1,17,2,0.25,0.25,at_flat_radius,0.0,0.0,0.0,0.140625,0.13904571533203125,0.0015536982744520718,0.0,0.140625,True,True
8,257,11,1,17,2,0.25,0.45,outside_flat_basin,0.0,0.020000000000000004,0.020000000000000004,0.140625,0.13904571533203125,0.0015536982744520718,0.0,0.140625,True,False
8,257,11,1,17,2,0.5,0.25,inside_flat_basin,0.0,0.0,0.0,0.0625,0.061798095703125,0.000690532566423143,0.0,0.0625,True,True
8,257,11,1,17,2,0.5,0.5,at_flat_radius,0.0,0.0,0.0,0.0625,0.061798095703125,0.000690532566423143,0.0,0.0625,True,True
8,257,11,1,17,2,0.5,0.7,outside_flat_basin,0.0,0.01999999999999999,0.01999999999999999,0.0625,0.061798095703125,0.000690532566423143,0.0,0.0625,True,False
8,257,12,1,75,1,0.0,0.0,inside_flat_basin,0.0,0.0,0.0,0.25,0.25390625,0.00276196725088743,0.0,0.25,True,True
8,257,12,1,75,1,0.0,0.0,at_flat_radius,0.0,0.0,0.0,0.25,0.25390625,0.00276196725088743,0.0,0.25,True,True
8,257,12,1,75,1,0.0,0.2,outside_flat_basin,0.0,0.020000000000000004,0.020000000000000004,0.25,0.25390625,0.00276196725088743,0.0,0.25,True,False
8,257,12,1,75,1,0.1,0.05,inside_flat_basin,0.0,0.0,0.0,0.2025,0.20566406250000008,0.0022371934732188185,0.0,0.2025,True,True
8,257,12,1,75,1,0.1,0.1,at_flat_radius,0.0,0.0,0.0,0.2025,0.20566406250000008,0.0022371934732188185,0.0,0.2025,True,True
8,257,12,1,75,1,0.1,0.30000000000000004,outside_flat_basin,0.0,0.020000000000000007,0.020000000000000007,0.2025,0.20566406250000008,0.0022371934732188185,0.0,0.2025,True,False
8,257,12,1,75,1,0.25,0.125,inside_flat_basin,0.0,0.0,0.0,0.140625,0.142822265625,0.0015536065786241793,0.0,0.140625,True,True
8,257,12,1,75,1,0.25,0.25,at_flat_radius,0.0,0.0,0.0,0.140625,0.142822265625,0.0015536065786241793,0.0,0.140625,True,True
8,257,12,1,75,1,0.25,0.45,outside_flat_basin,0.0,0.020000000000000004,0.020000000000000004,0.140625,0.142822265625,0.0015536065786241793,0.0,0.140625,True,False
8,257,12,1,75,1,0.5,0.25,inside_flat_basin,0.0,0.0,0.0,0.0625,0.0634765625,0.0006904918127218575,0.0,0.0625,True,True
8,257,12,1,75,1,0.5,0.5,at_flat_radius,0.0,0.0,0.0,0.0625,0.0634765625,0.0006904918127218575,0.0,0.0625,True,True
8,257,12,1,75,1,0.5,0.7,outside_flat_basin,0.0,0.01999999999999999,0.01999999999999999,0.0625,0.0634765625,0.0006904918127218575,0.0,0.0625,True,False
8,257,13,1,188,3,0.0,0.0,inside_flat_basin,0.0,0.0,0.0,0.25,0.25750732421875,0.002761058719933901,0.0,0.25,True,True
8,257,13,1,188,3,0.0,0.0,at_flat_radius,0.0,0.0,0.0,0.25,0.25750732421875,0.002761058719933901,0.0,0.25,True,True
8,257,13,1,188,3,0.0,0.2,outside_flat_basin,0.0,0.020000000000000004,0.020000000000000004,0.25,0.25750732421875,0.002761058719933901,0.0,0.25,True,False
8,257,13,1,188,3,0.1,0.05,inside_flat_basin,0.0,0.0,0.0,0.2025,0.20858093261718758,0.0022364575631464603,0.0,0.2025,True,True
8,257,13,1,188,3,0.1,0.1,at_flat_radius,0.0,0.0,0.0,0.2025,0.20858093261718758,0.0022364575631464603,0.0,0.2025,True,True
8,257,13,1,188,3,0.1,0.30000000000000004,outside_flat_basin,0.0,0.020000000000000007,0.020000000000000007,0.2025,0.20858093261718758,0.0022364575631464603,0.0,0.2025,True,False
8,257,13,1,188,3,0.25,0.125,inside_flat_basin,0.0,0.0,0.0,0.140625,0.14484786987304688,0.0015530955299628193,0.0,0.140625,True,True
8,257,13,1,188,3,0.25,0.25,at_flat_radius,0.0,0.0,0.0,0.140625,0.14484786987304688,0.0015530955299628193,0.0,0.140625,True,True
8,257,13,1,188,3,0.25,0.45,outside_flat_basin,0.0,0.020000000000000004,0.020000000000000004,0.140625,0.14484786987304688,0.0015530955299628193,0.0,0.140625,True,False
8,257,13,1,188,3,0.5,0.25,inside_flat_basin,0.0,0.0,0.0,0.0625,0.0643768310546875,0.0006902646799834752,0.0,0.0625,True,True
8,257,13,1,188,3,0.5,0.5,at_flat_radius,0.0,0.0,0.0,0.0625,0.0643768310546875,0.0006902646799834752,0.0,0.0625,True,True
8,257,13,1,188,3,0.5,0.7,outside_flat_basin,0.0,0.01999999999999999,0.01999999999999999,0.0625,0.0643768310546875,0.0006902646799834752,0.0,0.0625,True,False
8,257,14,2,163,1,0.0,0.0,inside_flat_basin,0.0,0.0,0.0,0.25,0.25054931640625,0.002762297798662005,0.0,0.25,True,True
8,257,14,2,163,1,0.0,0.0,at_flat_radius,0.0,0.0,0.0,0.25,0.25054931640625,0.002762297798662005,0.0,0.25,True,True
8,257,14,2,163,1,0.0,0.2,outside_flat_basin,0.0,0.020000000000000004,0.020000000000000004,0.25,0.25054931640625,0.002762297798662005,0.0,0.25,True,False
8,257,14,2,163,1,0.1,0.05,inside_flat_basin,0.0,0.0,0.0,0.2025,0.20294494628906257,0.002237461216916224,0.0,0.2025,True,True
8,257,14,2,163,1,0.1,0.1,at_flat_radius,0.0,0.0,0.0,0.2025,0.20294494628906257,0.002237461216916224,0.0,0.2025,True,True
8,257,14,2,163,1,0.1,0.30000000000000004,outside_flat_basin,0.0,0.020000000000000007,0.020000000000000007,0.2025,0.20294494628906257,0.002237461216916224,0.0,0.2025,True,False
8,257,14,2,163,1,0.25,0.125,inside_flat_basin,0.0,0.0,0.0,0.140625,0.14093399047851562,0.0015537925117473778,0.0,0.140625,True,True
8,257,14,2,163,1,0.25,0.25,at_flat_radius,0.0,0.0,0.0,0.140625,0.14093399047851562,0.0015537925117473778,0.0,0.140625,True,True
8,257,14,2,163,1,0.25,0.45,outside_flat_basin,0.0,0.020000000000000004,0.020000000000000004,0.140625,0.14093399047851562,0.0015537925117473778,0.0,0.140625,True,False
8,257,14,2,163,1,0.5,0.25,inside_flat_basin,0.0,0.0,0.0,0.0625,0.0626373291015625,0.0006905744496655012,0.0,0.0625,True,True
8,257,14,2,163,1,0.5,0.5,at_flat_radius,0.0,0.0,0.0,0.0625,0.0626373291015625,0.0006905744496655012,0.0,0.0625,True,True
8,257,14,2,163,1,0.5,0.7,outside_flat_basin,0.0,0.01999999999999999,0.01999999999999999,0.0625,0.0626373291015625,0.0006905744496655012,0.0,0.0625,True,False
8,257,15,1,104,2,0.0,0.0,inside_flat_basin,0.0,0.0,0.0,0.25,0.2513427734375,0.002762264622178119,0.0,0.25,True,True
8,257,15,1,104,2,0.0,0.0,at_flat_radius,0.0,0.0,0.0,0.25,0.2513427734375,0.002762264622178119,0.0,0.25,True,True
8,257,15,1,104,2,0.0,0.2,outside_flat_basin,0.0,0.020000000000000004,0.020000000000000004,0.25,0.2513427734375,0.002762264622178119,0.0,0.25,True,False
8,257,15,1,104,2,0.1,0.05,inside_flat_basin,0.0,0.0,0.0,0.2025,0.20358764648437505,0.0022374343439642767,0.0,0.2025,True,True
8,257,15,1,104,2,0.1,0.1,at_flat_radius,0.0,0.0,0.0,0.2025,0.20358764648437505,0.0022374343439642767,0.0,0.2025,True,True
8,257,15,1,104,2,0.1,0.30000000000000004,outside_flat_basin,0.0,0.020000000000000007,0.020000000000000007,0.2025,0.20358764648437505,0.0022374343439642767,0.0,0.2025,True,False
8,257,15,1,104,2,0.25,0.125,inside_flat_basin,0.0,0.0,0.0,0.140625,0.14138031005859375,0.0015537738499751918,0.0,0.140625,True,True
8,257,15,1,104,2,0.25,0.25,at_flat_radius,0.0,0.0,0.0,0.140625,0.14138031005859375,0.0015537738499751918,0.0,0.140625,True,True
8,257,15,1,104,2,0.25,0.45,outside_flat_basin,0.0,0.020000000000000004,0.020000000000000004,0.140625,0.14138031005859375,0.0015537738499751918,0.0,0.140625,True,False
8,257,15,1,104,2,0.5,0.25,inside_flat_basin,0.0,0.0,0.0,0.0625,0.062835693359375,0.0006905661555445297,0.0,0.0625,True,True
8,257,15,1,104,2,0.5,0.5,at_flat_radius,0.0,0.0,0.0,0.0625,0.062835693359375,0.0006905661555445297,0.0,0.0625,True,True
8,257,15,1,104,2,0.5,0.7,outside_flat_basin,0.0,0.01999999999999999,0.01999999999999999,0.0625,0.062835693359375,0.0006905661555445297,0.0,0.0625,True,False
10,1025,0,1,309,2,0.0,0.0,inside_flat_basin,0.0,0.0,0.0,0.25,0.2489013671875,0.002762277794030831,0.0,0.25,True,True
10,1025,0,1,309,2,0.0,0.0,at_flat_radius,0.0,0.0,0.0,0.25,0.2489013671875,0.002762277794030831,0.0,0.25,True,True
10,1025,0,1,309,2,0.0,0.2,outside_flat_basin,0.0,0.020000000000000004,0.020000000000000004,0.25,0.2489013671875,0.002762277794030831,0.0,0.25,True,False
10,1025,0,1,309,2,0.1,0.05,inside_flat_basin,0.0,0.0,0.0,0.2025,0.20161010742187507,0.0022374450131649733,0.0,0.2025,True,True
10,1025,0,1,309,2,0.1,0.1,at_flat_radius,0.0,0.0,0.0,0.2025,0.20161010742187507,0.0022374450131649733,0.0,0.2025,True,True
10,1025,0,1,309,2,0.1,0.30000000000000004,outside_flat_basin,0.0,0.020000000000000007,0.020000000000000007,0.2025,0.20161010742187507,0.0022374450131649733,0.0,0.2025,True,False
10,1025,0,1,309,2,0.25,0.125,inside_flat_basin,0.0,0.0,0.0,0.140625,0.14000701904296875,0.0015537812591423425,0.0,0.140625,True,True
10,1025,0,1,309,2,0.25,0.25,at_flat_radius,0.0,0.0,0.0,0.140625,0.14000701904296875,0.0015537812591423425,0.0,0.140625,True,True
10,1025,0,1,309,2,0.25,0.45,outside_flat_basin,0.0,0.020000000000000004,0.020000000000000004,0.140625,0.14000701904296875,0.0015537812591423425,0.0,0.140625,True,False
10,1025,0,1,309,2,0.5,0.25,inside_flat_basin,0.0,0.0,0.0,0.0625,0.062225341796875,0.0006905694485077078,0.0,0.0625,True,True
10,1025,0,1,309,2,0.5,0.5,at_flat_radius,0.0,0.0,0.0,0.0625,0.062225341796875,0.0006905694485077078,0.0,0.0625,True,True
10,1025,0,1,309,2,0.5,0.7,outside_flat_basin,0.0,0.01999999999999999,0.01999999999999999,0.0625,0.062225341796875,0.0006905694485077078,0.0,0.0625,True,False
10,1025,1,1,445,1,0.0,0.0,inside_flat_basin,0.0,0.0,0.0,0.25,0.24871826171875,0.0027622681621197074,0.0,0.25,True,True
10,1025,1,1,445,1,0.0,0.0,at_flat_radius,0.0,0.0,0.0,0.25,0.24871826171875,0.0027622681621197074,0.0,0.25,True,True
10,1025,1,1,445,1,0.0,0.2,outside_flat_basin,0.0,0.020000000000000004,0.020000000000000004,0.25,0.24871826171875,0.0027622681621197074,0.0,0.25,True,False
10,1025,1,1,445,1,0.1,0.05,inside_flat_basin,0.0,0.0,0.0,0.2025,0.20146179199218756,0.002237437211316963,0.0,0.2025,True,True
10,1025,1,1,445,1,0.1,0.1,at_flat_radius,0.0,0.0,0.0,0.2025,0.20146179199218756,0.002237437211316963,0.0,0.2025,True,True
10,1025,1,1,445,1,0.1,0.30000000000000004,outside_flat_basin,0.0,0.020000000000000007,0.020000000000000007,0.2025,0.20146179199218756,0.002237437211316963,0.0,0.2025,True,False
10,1025,1,1,445,1,0.25,0.125,inside_flat_basin,0.0,0.0,0.0,0.140625,0.13990402221679688,0.0015537758411923355,0.0,0.140625,True,True
10,1025,1,1,445,1,0.25,0.25,at_flat_radius,0.0,0.0,0.0,0.140625,0.13990402221679688,0.0015537758411923355,0.0,0.140625,True,True
10,1025,1,1,445,1,0.25,0.45,outside_flat_basin,0.0,0.020000000000000004,0.020000000000000004,0.140625,0.13990402221679688,0.0015537758411923355,0.0,0.140625,True,False
10,1025,1,1,445,1,0.5,0.25,inside_flat_basin,0.0,0.0,0.0,0.0625,0.0621795654296875,0.0006905670405299269,0.0,0.0625,True,True
10,1025,1,1,445,1,0.5,0.5,at_flat_radius,0.0,0.0,0.0,0.0625,0.0621795654296875,0.0006905670405299269,0.0,0.0625,True,True
10,1025,1,1,445,1,0.5,0.7,outside_flat_basin,0.0,0.01999999999999999,0.01999999999999999,0.0625,0.0621795654296875,0.0006905670405299269,0.0,0.0625,True,False
10,1025,2,1,158,2,0.0,0.0,inside_flat_basin,0.0,0.0,0.0,0.25,0.24652099609375,0.0027620369861760634,0.0,0.25,True,True
10,1025,2,1,158,2,0.0,0.0,at_flat_radius,0.0,0.0,0.0,0.25,0.24652099609375,0.0027620369861760634,0.0,0.25,True,True
10,1025,2,1,158,2,0.0,0.2,outside_flat_basin,0.0,0.020000000000000004,0.020000000000000004,0.25,0.24652099609375,0.0027620369861760634,0.0,0.25,True,False
10,1025,2,1,158,2,0.1,0.05,inside_flat_basin,0.0,0.0,0.0,0.2025,0.19968200683593756,0.0022372499588026117,0.0,0.2025,True,True
10,1025,2,1,158,2,0.1,0.1,at_flat_radius,0.0,0.0,0.0,0.2025,0.19968200683593756,0.0022372499588026117,0.0,0.2025,True,True
10,1025,2,1,158,2,0.1,0.30000000000000004,outside_flat_basin,0.0,0.020000000000000007,0.020000000000000007,0.2025,0.19968200683593756,0.0022372499588026117,0.0,0.2025,True,False
10,1025,2,1,158,2,0.25,0.125,inside_flat_basin,0.0,0.0,0.0,0.140625,0.13866806030273438,0.0015536458047240357,0.0,0.140625,True,True
10,1025,2,1,158,2,0.25,0.25,at_flat_radius,0.0,0.0,0.0,0.140625,0.13866806030273438,0.0015536458047240357,0.0,0.140625,True,True
10,1025,2,1,158,2,0.25,0.45,outside_flat_basin,0.0,0.020000000000000004,0.020000000000000004,0.140625,0.13866806030273438,0.0015536458047240357,0.0,0.140625,True,False
10,1025,2,1,158,2,0.5,0.25,inside_flat_basin,0.0,0.0,0.0,0.0625,0.0616302490234375,0.0006905092465440158,0.0,0.0625,True,True
10,1025,2,1,158,2,0.5,0.5,at_flat_radius,0.0,0.0,0.0,0.0625,0.0616302490234375,0.0006905092465440158,0.0,0.0625,True,True
10,1025,2,1,158,2,0.5,0.7,outside_flat_basin,0.0,0.01999999999999999,0.01999999999999999,0.0625,0.0616302490234375,0.0006905092465440158,0.0,0.0625,True,False
10,1025,3,1,392,1,0.0,0.0,inside_flat_basin,0.0,0.0,0.0,0.25,0.24993896484375,0.0027623043845171127,0.0,0.25,True,True
10,1025,3,1,392,1,0.0,0.0,at_flat_radius,0.0,0.0,0.0,0.25,0.24993896484375,0.0027623043845171127,0.0,0.25,True,True
10,1025,3,1,392,1,0.0,0.2,outside_flat_basin,0.0,0.020000000000000004,0.020000000000000004,0.25,0.24993896484375,0.0027623043845171127,0.0,0.25,True,False
10,1025,3,1,392,1,0.1,0.05,inside_flat_basin,0.0,0.0,0.0,0.2025,0.2024505615234376,0.0022374665514588617,0.0,0.2025,True,True
10,1025,3,1,392,1,0.1,0.1,at_flat_radius,0.0,0.0,0.0,0.2025,0.2024505615234376,0.0022374665514588617,0.0,0.2025,True,True
10,1025,3,1,392,1,0.1,0.30000000000000004,outside_flat_basin,0.0,0.020000000000000007,0.020000000000000007,0.2025,0.2024505615234376,0.0022374665514588617,0.0,0.2025,True,False
10,1025,3,1,392,1,0.25,0.125,inside_flat_basin,0.0,0.0,0.0,0.140625,0.14059066772460938,0.001553796216290876,0.0,0.140625,True,True
10,1025,3,1,392,1,0.25,0.25,at_flat_radius,0.0,0.0,0.0,0.140625,0.14059066772460938,0.001553796216290876,0.0,0.140625,True,True
10,1025,3,1,392,1,0.25,0.45,outside_flat_basin,0.0,0.020000000000000004,0.020000000000000004,0.140625,0.14059066772460938,0.001553796216290876,0.0,0.140625,True,False
10,1025,3,1,392,1,0.5,0.25,inside_flat_basin,0.0,0.0,0.0,0.0625,0.0624847412109375,0.0006905760961292782,0.0,0.0625,True,True
10,1025,3,1,392,1,0.5,0.5,at_flat_radius,0.0,0.0,0.0,0.0625,0.0624847412109375,0.0006905760961292782,0.0,0.0625,True,True
10,1025,3,1,392,1,0.5,0.7,outside_flat_basin,0.0,0.01999999999999999,0.01999999999999999,0.0625,0.0624847412109375,0.0006905760961292782,0.0,0.0625,True,False
10,1025,4,2,787,1,0.0,0.0,inside_flat_basin,0.0,0.0,0.0,0.25,0.25146484375,0.0027622570483343675,0.0,0.25,True,True
10,1025,4,2,787,1,0.0,0.0,at_flat_radius,0.0,0.0,0.0,0.25,0.25146484375,0.0027622570483343675,0.0,0.25,True,True
10,1025,4,2,787,1,0.0,0.2,outside_flat_basin,0.0,0.020000000000000004,0.020000000000000004,0.25,0.25146484375,0.0027622570483343675,0.0,0.25,True,False
10,1025,4,2,787,1,0.1,0.05,inside_flat_basin,0.0,0.0,0.0,0.2025,0.20368652343750007,0.002237428209150838,0.0,0.2025,True,True
10,1025,4,2,787,1,0.1,0.1,at_flat_radius,0.0,0.0,0.0,0.2025,0.20368652343750007,0.002237428209150838,0.0,0.2025,True,True
10,1025,4,2,787,1,0.1,0.30000000000000004,outside_flat_basin,0.0,0.020000000000000007,0.020000000000000007,0.2025,0.20368652343750007,0.002237428209150838,0.0,0.2025,True,False
10,1025,4,2,787,1,0.25,0.125,inside_flat_basin,0.0,0.0,0.0,0.140625,0.141448974609375,0.001553769589688082,0.0,0.140625,True,True
10,1025,4,2,787,1,0.25,0.25,at_flat_radius,0.0,0.0,0.0,0.140625,0.141448974609375,0.001553769589688082,0.0,0.140625,True,True
10,1025,4,2,787,1,0.25,0.45,outside_flat_basin,0.0,0.020000000000000004,0.020000000000000004,0.140625,0.141448974609375,0.001553769589688082,0.0,0.140625,True,False
10,1025,4,2,787,1,0.5,0.25,inside_flat_basin,0.0,0.0,0.0,0.0625,0.0628662109375,0.0006905642620835919,0.0,0.0625,True,True
10,1025,4,2,787,1,0.5,0.5,at_flat_radius,0.0,0.0,0.0,0.0625,0.0628662109375,0.0006905642620835919,0.0,0.0625,True,True
10,1025,4,2,787,1,0.5,0.7,outside_flat_basin,0.0,0.01999999999999999,0.01999999999999999,0.0625,0.0628662109375,0.0006905642620835919,0.0,0.0625,True,False
10,1025,5,1,80,2,0.0,0.0,inside_flat_basin,0.0,0.0,0.0,0.25,0.24761962890625,0.0027621792505849187,0.0,0.25,True,True
10,1025,5,1,80,2,0.0,0.0,at_flat_radius,0.0,0.0,0.0,0.25,0.24761962890625,0.0027621792505849187,0.0,0.25,True,True
10,1025,5,1,80,2,0.0,0.2,outside_flat_basin,0.0,0.020000000000000004,0.020000000000000004,0.25,0.24761962890625,0.0027621792505849187,0.0,0.25,True,False
10,1025,5,1,80,2,0.1,0.05,inside_flat_basin,0.0,0.0,0.0,0.2025,0.20057189941406256,0.0022373651929737844,0.0,0.2025,True,True
10,1025,5,1,80,2,0.1,0.1,at_flat_radius,0.0,0.0,0.0,0.2025,0.20057189941406256,0.0022373651929737844,0.0,0.2025,True,True
10,1025,5,1,80,2,0.1,0.30000000000000004,outside_flat_basin,0.0,0.020000000000000007,0.020000000000000007,0.2025,0.20057189941406256,0.0022373651929737844,0.0,0.2025,True,False
10,1025,5,1,80,2,0.25,0.125,inside_flat_basin,0.0,0.0,0.0,0.140625,0.13928604125976562,0.001553725828454017,0.0,0.140625,True,True
10,1025,5,1,80,2,0.25,0.25,at_flat_radius,0.0,0.0,0.0,0.140625,0.13928604125976562,0.001553725828454017,0.0,0.140625,True,True
10,1025,5,1,80,2,0.25,0.45,outside_flat_basin,0.0,0.020000000000000004,0.020000000000000004,0.140625,0.13928604125976562,0.001553725828454017,0.0,0.140625,True,False
10,1025,5,1,80,2,0.5,0.25,inside_flat_basin,0.0,0.0,0.0,0.0625,0.0619049072265625,0.0006905448126462297,0.0,0.0625,True,True
10,1025,5,1,80,2,0.5,0.5,at_flat_radius,0.0,0.0,0.0,0.0625,0.0619049072265625,0.0006905448126462297,0.0,0.0625,True,True
10,1025,5,1,80,2,0.5,0.7,outside_flat_basin,0.0,0.01999999999999999,0.01999999999999999,0.0625,0.0619049072265625,0.0006905448126462297,0.0,0.0625,True,False
10,1025,6,4,457,1,0.0,0.0,inside_flat_basin,0.0,0.0,0.0,0.25,0.25262451171875,0.0027621522472559136,0.0,0.25,True,True
10,1025,6,4,457,1,0.0,0.0,at_flat_radius,0.0,0.0,0.0,0.25,0.25262451171875,0.0027621522472559136,0.0,0.25,True,True
10,1025,6,4,457,1,0.0,0.2,outside_flat_basin,0.0,0.020000000000000004,0.020000000000000004,0.25,0.25262451171875,0.0027621522472559136,0.0,0.25,True,False
10,1025,6,4,457,1,0.1,0.05,inside_flat_basin,0.0,0.0,0.0,0.2025,0.20462585449218756,0.00223734332027729,0.0,0.2025,True,True
10,1025,6,4,457,1,0.1,0.1,at_flat_radius,0.0,0.0,0.0,0.2025,0.20462585449218756,0.00223734332027729,0.0,0.2025,True,True
10,1025,6,4,457,1,0.1,0.30000000000000004,outside_flat_basin,0.0,0.020000000000000007,0.020000000000000007,0.2025,0.20462585449218756,0.00223734332027729,0.0,0.2025,True,False
10,1025,6,4,457,1,0.25,0.125,inside_flat_basin,0.0,0.0,0.0,0.140625,0.14210128784179688,0.0015537106390814512,0.0,0.140625,True,True
10,1025,6,4,457,1,0.25,0.25,at_flat_radius,0.0,0.0,0.0,0.140625,0.14210128784179688,0.0015537106390814512,0.0,0.140625,True,True
10,1025,6,4,457,1,0.25,0.45,outside_flat_basin,0.0,0.020000000000000004,0.020000000000000004,0.140625,0.14210128784179688,0.0015537106390814512,0.0,0.140625,True,False
10,1025,6,4,457,1,0.5,0.25,inside_flat_basin,0.0,0.0,0.0,0.0625,0.0631561279296875,0.0006905380618139784,0.0,0.0625,True,True
10,1025,6,4,457,1,0.5,0.5,at_flat_radius,0.0,0.0,0.0,0.0625,0.0631561279296875,0.0006905380618139784,0.0,0.0625,True,True
10,1025,6,4,457,1,0.5,0.7,outside_flat_basin,0.0,0.01999999999999999,0.01999999999999999,0.0625,0.0631561279296875,0.0006905380618139784,0.0,0.0625,True,False
10,1025,7,2,42,1,0.0,0.0,inside_flat_basin,0.0,0.0,0.0,0.25,0.2481689453125,0.002762230375067112,0.0,0.25,True,True
10,1025,7,2,42,1,0.0,0.0,at_flat_radius,0.0,0.0,0.0,0.25,0.2481689453125,0.002762230375067112,0.0,0.25,True,True
10,1025,7,2,42,1,0.0,0.2,outside_flat_basin,0.0,0.020000000000000004,0.020000000000000004,0.25,0.2481689453125,0.002762230375067112,0.0,0.25,True,False
10,1025,7,2,42,1,0.1,0.05,inside_flat_basin,0.0,0.0,0.0,0.2025,0.20101684570312506,0.002237406603804361,0.0,0.2025,True,True
10,1025,7,2,42,1,0.1,0.1,at_flat_radius,0.0,0.0,0.0,0.2025,0.20101684570312506,0.002237406603804361,0.0,0.2025,True,True
10,1025,7,2,42,1,0.1,0.30000000000000004,outside_flat_basin,0.0,0.020000000000000007,0.020000000000000007,0.2025,0.20101684570312506,0.002237406603804361,0.0,0.2025,True,False
10,1025,7,2,42,1,0.25,0.125,inside_flat_basin,0.0,0.0,0.0,0.140625,0.13959503173828125,0.0015537545859752506,0.0,0.140625,True,True
10,1025,7,2,42,1,0.25,0.25,at_flat_radius,0.0,0.0,0.0,0.140625,0.13959503173828125,0.0015537545859752506,0.0,0.140625,True,True
10,1025,7,2,42,1,0.25,0.45,outside_flat_basin,0.0,0.020000000000000004,0.020000000000000004,0.140625,0.13959503173828125,0.0015537545859752506,0.0,0.140625,True,False
10,1025,7,2,42,1,0.5,0.25,inside_flat_basin,0.0,0.0,0.0,0.0625,0.062042236328125,0.000690557593766778,0.0,0.0625,True,True
10,1025,7,2,42,1,0.5,0.5,at_flat_radius,0.0,0.0,0.0,0.0625,0.062042236328125,0.000690557593766778,0.0,0.0625,True,True
10,1025,7,2,42,1,0.5,0.7,outside_flat_basin,0.0,0.01999999999999999,0.01999999999999999,0.0625,0.062042236328125,0.000690557593766778,0.0,0.0625,True,False
10,1025,8,1,469,1,0.0,0.0,inside_flat_basin,0.0,0.0,0.0,0.25,0.250732421875,0.0027622926122900563,0.0,0.25,True,True
10,1025,8,1,469,1,0.0,0.0,at_flat_radius,0.0,0.0,0.0,0.25,0.250732421875,0.0027622926122900563,0.0,0.25,True,True
10,1025,8,1,469,1,0.0,0.2,outside_flat_basin,0.0,0.020000000000000004,0.020000000000000004,0.25,0.250732421875,0.0027622926122900563,0.0,0.25,True,False
10,1025,8,1,469,1,0.1,0.05,inside_flat_basin,0.0,0.0,0.0,0.2025,0.20309326171875008,0.0022374570159549457,0.0,0.2025,True,True
10,1025,8,1,469,1,0.1,0.1,at_flat_radius,0.0,0.0,0.0,0.2025,0.20309326171875008,0.0022374570159549457,0.0,0.2025,True,True
10,1025,8,1,469,1,0.1,0.30000000000000004,outside_flat_basin,0.0,0.020000000000000007,0.020000000000000007,0.2025,0.20309326171875008,0.0022374570159549457,0.0,0.2025,True,False
10,1025,8,1,469,1,0.25,0.125,inside_flat_basin,0.0,0.0,0.0,0.140625,0.1410369873046875,0.0015537895944131566,0.0,0.140625,True,True
10,1025,8,1,469,1,0.25,0.25,at_flat_radius,0.0,0.0,0.0,0.140625,0.1410369873046875,0.0015537895944131566,0.0,0.140625,True,True
10,1025,8,1,469,1,0.25,0.45,outside_flat_basin,0.0,0.020000000000000004,0.020000000000000004,0.140625,0.1410369873046875,0.0015537895944131566,0.0,0.140625,True,False
10,1025,8,1,469,1,0.5,0.25,inside_flat_basin,0.0,0.0,0.0,0.0625,0.06268310546875,0.0006905731530725141,0.0,0.0625,True,True
10,1025,8,1,469,1,0.5,0.5,at_flat_radius,0.0,0.0,0.0,0.0625,0.06268310546875,0.0006905731530725141,0.0,0.0625,True,True
10,1025,8,1,469,1,0.5,0.7,outside_flat_basin,0.0,0.01999999999999999,0.01999999999999999,0.0625,0.06268310546875,0.0006905731530725141,0.0,0.0625,True,False
10,1025,9,1,734,1,0.0,0.0,inside_flat_basin,0.0,0.0,0.0,0.25,0.25836181640625,0.002760758912415307,0.0,0.25,True,True
10,1025,9,1,734,1,0.0,0.0,at_flat_radius,0.0,0.0,0.0,0.25,0.25836181640625,0.002760758912415307,0.0,0.25,True,True
10,1025,9,1,734,1,0.0,0.2,outside_flat_basin,0.0,0.020000000000000004,0.020000000000000004,0.25,0.25836181640625,0.002760758912415307,0.0,0.25,True,False
10,1025,9,1,734,1,0.1,0.05,inside_flat_basin,0.0,0.0,0.0,0.2025,0.20927307128906258,0.0022362147190563984,0.0,0.2025,True,True
10,1025,9,1,734,1,0.1,0.1,at_flat_radius,0.0,0.0,0.0,0.2025,0.20927307128906258,0.0022362147190563984,0.0,0.2025,True,True
10,1025,9,1,734,1,0.1,0.30000000000000004,outside_flat_basin,0.0,0.020000000000000007,0.020000000000000007,0.2025,0.20927307128906258,0.0022362147190563984,0.0,0.2025,True,False
10,1025,9,1,734,1,0.25,0.125,inside_flat_basin,0.0,0.0,0.0,0.140625,0.14532852172851562,0.00155292688823361,0.0,0.140625,True,True
10,1025,9,1,734,1,0.25,0.25,at_flat_radius,0.0,0.0,0.0,0.140625,0.14532852172851562,0.00155292688823361,0.0,0.140625,True,True
10,1025,9,1,734,1,0.25,0.45,outside_flat_basin,0.0,0.020000000000000004,0.020000000000000004,0.140625,0.14532852172851562,0.00155292688823361,0.0,0.140625,True,False
10,1025,9,1,734,1,0.5,0.25,inside_flat_basin,0.0,0.0,0.0,0.0625,0.0645904541015625,0.0006901897281038267,0.0,0.0625,True,True
10,1025,9,1,734,1,0.5,0.5,at_flat_radius,0.0,0.0,0.0,0.0625,0.0645904541015625,0.0006901897281038267,0.0,0.0625,True,True
10,1025,9,1,734,1,0.5,0.7,outside_flat_basin,0.0,0.01999999999999999,0.01999999999999999,0.0625,0.0645904541015625,0.0006901897281038267,0.0,0.0625,True,False
10,1025,10,2,575,1,0.0,0.0,inside_flat_basin,0.0,0.0,0.0,0.25,0.25177001953125,0.0027622352322553305,0.0,0.25,True,True
10,1025,10,2,575,1,0.0,0.0,at_flat_radius,0.0,0.0,0.0,0.25,0.25177001953125,0.0027622352322553305,0.0,0.25,True,True
10,1025,10,2,575,1,0.0,0.2,outside_flat_basin,0.0,0.020000000000000004,0.020000000000000004,0.25,0.25177001953125,0.0027622352322553305,0.0,0.25,True,False
10,1025,10,2,575,1,0.1,0.05,inside_flat_basin,0.0,0.0,0.0,0.2025,0.20393371582031256,0.002237410538126818,0.0,0.2025,True,True
10,1025,10,2,575,1,0.1,0.1,at_flat_radius,0.0,0.0,0.0,0.2025,0.20393371582031256,0.002237410538126818,0.0,0.2025,True,True
10,1025,10,2,575,1,0.1,0.30000000000000004,outside_flat_basin,0.0,0.020000000000000007,0.020000000000000007,0.2025,0.20393371582031256,0.002237410538126818,0.0,0.2025,True,False
10,1025,10,2,575,1,0.25,0.125,inside_flat_basin,0.0,0.0,0.0,0.140625,0.14162063598632812,0.0015537573181436234,0.0,0.140625,True,True
10,1025,10,2,575,1,0.25,0.25,at_flat_radius,0.0,0.0,0.0,0.140625,0.14162063598632812,0.0015537573181436234,0.0,0.140625,True,True
10,1025,10,2,575,1,0.25,0.45,outside_flat_basin,0.0,0.020000000000000004,0.020000000000000004,0.140625,0.14162063598632812,0.0015537573181436234,0.0,0.140625,True,False
10,1025,10,2,575,1,0.5,0.25,inside_flat_basin,0.0,0.0,0.0,0.0625,0.0629425048828125,0.0006905588080638326,0.0,0.0625,True,True
10,1025,10,2,575,1,0.5,0.5,at_flat_radius,0.0,0.0,0.0,0.0625,0.0629425048828125,0.0006905588080638326,0.0,0.0625,True,True
10,1025,10,2,575,1,0.5,0.7,outside_flat_basin,0.0,0.01999999999999999,0.01999999999999999,0.0625,0.0629425048828125,0.0006905588080638326,0.0,0.0625,True,False
10,1025,11,2,497,1,0.0,0.0,inside_flat_basin,0.0,0.0,0.0,0.25,0.24755859375,0.002762172746758469,0.0,0.25,True,True
10,1025,11,2,497,1,0.0,0.0,at_flat_radius,0.0,0.0,0.0,0.25,0.24755859375,0.002762172746758469,0.0,0.25,True,True
10,1025,11,2,497,1,0.0,0.2,outside_flat_basin,0.0,0.020000000000000004,0.020000000000000004,0.25,0.24755859375,0.002762172746758469,0.0,0.25,True,False
10,1025,11,2,497,1,0.1,0.05,inside_flat_basin,0.0,0.0,0.0,0.2025,0.2005224609375001,0.0022373599248743602,0.0,0.2025,True,True
10,1025,11,2,497,1,0.1,0.1,at_flat_radius,0.0,0.0,0.0,0.2025,0.2005224609375001,0.0022373599248743602,0.0,0.2025,True,True
10,1025,11,2,497,1,0.1,0.30000000000000004,outside_flat_basin,0.0,0.020000000000000007,0.020000000000000007,0.2025,0.2005224609375001,0.0022373599248743602,0.0,0.2025,True,False
10,1025,11,2,497,1,0.25,0.125,inside_flat_basin,0.0,0.0,0.0,0.140625,0.139251708984375,0.0015537221700516388,0.0,0.140625,True,True
10,1025,11,2,497,1,0.25,0.25,at_flat_radius,0.0,0.0,0.0,0.140625,0.139251708984375,0.0015537221700516388,0.0,0.140625,True,True
10,1025,11,2,497,1,0.25,0.45,outside_flat_basin,0.0,0.020000000000000004,0.020000000000000004,0.140625,0.139251708984375,0.0015537221700516388,0.0,0.140625,True,False
10,1025,11,2,497,1,0.5,0.25,inside_flat_basin,0.0,0.0,0.0,0.0625,0.0618896484375,0.0006905431866896173,0.0,0.0625,True,True
10,1025,11,2,497,1,0.5,0.5,at_flat_radius,0.0,0.0,0.0,0.0625,0.0618896484375,0.0006905431866896173,0.0,0.0625,True,True
10,1025,11,2,497,1,0.5,0.7,outside_flat_basin,0.0,0.01999999999999999,0.01999999999999999,0.0625,0.0618896484375,0.0006905431866896173,0.0,0.0625,True,False
10,1025,12,1,949,1,0.0,0.0,inside_flat_basin,0.0,0.0,0.0,0.25,0.2515869140625,0.0027622488158719543,0.0,0.25,True,True
10,1025,12,1,949,1,0.0,0.0,at_flat_radius,0.0,0.0,0.0,0.25,0.2515869140625,0.0027622488158719543,0.0,0.25,True,True
10,1025,12,1,949,1,0.0,0.2,outside_flat_basin,0.0,0.020000000000000004,0.020000000000000004,0.25,0.2515869140625,0.0027622488158719543,0.0,0.25,True,False
10,1025,12,1,949,1,0.1,0.05,inside_flat_basin,0.0,0.0,0.0,0.2025,0.20378540039062507,0.0022374215408562832,0.0,0.2025,True,True
10,1025,12,1,949,1,0.1,0.1,at_flat_radius,0.0,0.0,0.0,0.2025,0.20378540039062507,0.0022374215408562832,0.0,0.2025,True,True
10,1025,12,1,949,1,0.1,0.30000000000000004,outside_flat_basin,0.0,0.020000000000000007,0.020000000000000007,0.2025,0.20378540039062507,0.0022374215408562832,0.0,0.2025,True,False
10,1025,12,1,949,1,0.25,0.125,inside_flat_basin,0.0,0.0,0.0,0.140625,0.14151763916015625,0.0015537649589279741,0.0,0.140625,True,True
10,1025,12,1,949,1,0.25,0.25,at_flat_radius,0.0,0.0,0.0,0.140625,0.14151763916015625,0.0015537649589279741,0.0,0.140625,True,True
10,1025,12,1,949,1,0.25,0.45,outside_flat_basin,0.0,0.020000000000000004,0.020000000000000004,0.140625,0.14151763916015625,0.0015537649589279741,0.0,0.140625,True,False
10,1025,12,1,949,1,0.5,0.25,inside_flat_basin,0.0,0.0,0.0,0.0625,0.062896728515625,0.0006905622039679886,0.0,0.0625,True,True
10,1025,12,1,949,1,0.5,0.5,at_flat_radius,0.0,0.0,0.0,0.0625,0.062896728515625,0.0006905622039679886,0.0,0.0625,True,True
10,1025,12,1,949,1,0.5,0.7,outside_flat_basin,0.0,0.01999999999999999,0.01999999999999999,0.0625,0.062896728515625,0.0006905622039679886,0.0,0.0625,True,False
10,1025,13,1,234,1,0.0,0.0,inside_flat_basin,0.0,0.0,0.0,0.25,0.25030517578125,0.0027623024087622284,0.0,0.25,True,True
10,1025,13,1,234,1,0.0,0.0,at_flat_radius,0.0,0.0,0.0,0.25,0.25030517578125,0.0027623024087622284,0.0,0.25,True,True
10,1025,13,1,234,1,0.0,0.2,outside_flat_basin,0.0,0.020000000000000004,0.020000000000000004,0.25,0.25030517578125,0.0027623024087622284,0.0,0.25,True,False
10,1025,13,1,234,1,0.1,0.05,inside_flat_basin,0.0,0.0,0.0,0.2025,0.20274719238281258,0.0022374649510974055,0.0,0.2025,True,True
10,1025,13,1,234,1,0.1,0.1,at_flat_radius,0.0,0.0,0.0,0.2025,0.20274719238281258,0.0022374649510974055,0.0,0.2025,True,True
10,1025,13,1,234,1,0.1,0.30000000000000004,outside_flat_basin,0.0,0.020000000000000007,0.020000000000000007,0.2025,0.20274719238281258,0.0022374649510974055,0.0,0.2025,True,False
10,1025,13,1,234,1,0.25,0.125,inside_flat_basin,0.0,0.0,0.0,0.140625,0.14079666137695312,0.0015537951049287534,0.0,0.140625,True,True
10,1025,13,1,234,1,0.25,0.25,at_flat_radius,0.0,0.0,0.0,0.140625,0.14079666137695312,0.0015537951049287534,0.0,0.140625,True,True
10,1025,13,1,234,1,0.25,0.45,outside_flat_basin,0.0,0.020000000000000004,0.020000000000000004,0.140625,0.14079666137695312,0.0015537951049287534,0.0,0.140625,True,False
10,1025,13,1,234,1,0.5,0.25,inside_flat_basin,0.0,0.0,0.0,0.0625,0.0625762939453125,0.0006905756021905571,0.0,0.0625,True,True
10,1025,13,1,234,1,0.5,0.5,at_flat_radius,0.0,0.0,0.0,0.0625,0.0625762939453125,0.0006905756021905571,0.0,0.0625,True,True
10,1025,13,1,234,1,0.5,0.7,outside_flat_basin,0.0,0.01999999999999999,0.01999999999999999,0.0625,0.0625762939453125,0.0006905756021905571,0.0,0.0625,True,False
10,1025,14,1,871,1,0.0,0.0,inside_flat_basin,0.0,0.0,0.0,0.25,0.2529296875,0.002762114787932533,0.0,0.25,True,True
10,1025,14,1,871,1,0.0,0.0,at_flat_radius,0.0,0.0,0.0,0.25,0.2529296875,0.002762114787932533,0.0,0.25,True,True
10,1025,14,1,871,1,0.0,0.2,outside_flat_basin,0.0,0.020000000000000004,0.020000000000000004,0.25,0.2529296875,0.002762114787932533,0.0,0.25,True,False
10,1025,14,1,871,1,0.1,0.05,inside_flat_basin,0.0,0.0,0.0,0.2025,0.20487304687500008,0.0022373129782253523,0.0,0.2025,True,True
10,1025,14,1,871,1,0.1,0.1,at_flat_radius,0.0,0.0,0.0,0.2025,0.20487304687500008,0.0022373129782253523,0.0,0.2025,True,True
10,1025,14,1,871,1,0.1,0.30000000000000004,outside_flat_basin,0.0,0.020000000000000007,0.020000000000000007,0.2025,0.20487304687500008,0.0022373129782253523,0.0,0.2025,True,False
10,1025,14,1,871,1,0.25,0.125,inside_flat_basin,0.0,0.0,0.0,0.140625,0.14227294921875,0.00155368956821205,0.0,0.140625,True,True
10,1025,14,1,871,1,0.25,0.25,at_flat_radius,0.0,0.0,0.0,0.140625,0.14227294921875,0.00155368956821205,0.0,0.140625,True,True
10,1025,14,1,871,1,0.25,0.45,outside_flat_basin,0.0,0.020000000000000004,0.020000000000000004,0.140625,0.14227294921875,0.00155368956821205,0.0,0.140625,True,False
10,1025,14,1,871,1,0.5,0.25,inside_flat_basin,0.0,0.0,0.0,0.0625,0.063232421875,0.0006905286969831332,0.0,0.0625,True,True
10,1025,14,1,871,1,0.5,0.5,at_flat_radius,0.0,0.0,0.0,0.0625,0.063232421875,0.0006905286969831332,0.0,0.0625,True,True
10,1025,14,1,871,1,0.5,0.7,outside_flat_basin,0.0,0.01999999999999999,0.01999999999999999,0.0625,0.063232421875,0.0006905286969831332,0.0,0.0625,True,False
10,1025,15,1,283,1,0.0,0.0,inside_flat_basin,0.0,0.0,0.0,0.25,0.247802734375,0.002762197774057344,0.0,0.25,True,True
10,1025,15,1,283,1,0.0,0.0,at_flat_radius,0.0,0.0,0.0,0.25,0.247802734375,0.002762197774057344,0.0,0.25,True,True
10,1025,15,1,283,1,0.0,0.2,outside_flat_basin,0.0,0.020000000000000004,0.020000000000000004,0.25,0.247802734375,0.002762197774057344,0.0,0.25,True,False
10,1025,15,1,283,1,0.1,0.05,inside_flat_basin,0.0,0.0,0.0,0.2025,0.20072021484375008,0.002237380196986449,0.0,0.2025,True,True
10,1025,15,1,283,1,0.1,0.1,at_flat_radius,0.0,0.0,0.0,0.2025,0.20072021484375008,0.002237380196986449,0.0,0.2025,True,True
10,1025,15,1,283,1,0.1,0.30000000000000004,outside_flat_basin,0.0,0.020000000000000007,0.020000000000000007,0.2025,0.20072021484375008,0.002237380196986449,0.0,0.2025,True,False
10,1025,15,1,283,1,0.25,0.125,inside_flat_basin,0.0,0.0,0.0,0.140625,0.1393890380859375,0.0015537362479072561,0.0,0.140625,True,True
10,1025,15,1,283,1,0.25,0.25,at_flat_radius,0.0,0.0,0.0,0.140625,0.1393890380859375,0.0015537362479072561,0.0,0.140625,True,True
10,1025,15,1,283,1,0.25,0.45,outside_flat_basin,0.0,0.020000000000000004,0.020000000000000004,0.140625,0.1393890380859375,0.0015537362479072561,0.0,0.140625,True,False
10,1025,15,1,283,1,0.5,0.25,inside_flat_basin,0.0,0.0,0.0,0.0625,0.06195068359375,0.000690549443514336,0.0,0.0625,True,True
10,1025,15,1,283,1,0.5,0.5,at_flat_radius,0.0,0.0,0.0,0.0625,0.06195068359375,0.000690549443514336,0.0,0.0625,True,True
10,1025,15,1,283,1,0.5,0.7,outside_flat_basin,0.0,0.01999999999999999,0.01999999999999999,0.0625,0.06195068359375,0.000690549443514336,0.0,0.0625,True,False
